Source,Target,Type,weight,book,new_weight
Aegon-I-Targaryen,Harren-Hoare,Undirected,4,2,89
Aegon-I-Targaryen,Nan,Undirected,3,2,90
Aegon-I-Targaryen,Rhaenys-Targaryen,Undirected,4,2,89
Aegon-I-Targaryen,Tyrion-Lannister,Undirected,3,2,90
Aegon-I-Targaryen,Visenya-Targaryen,Undirected,3,2,90
Aegon-V-Targaryen,Aemon-Targaryen-(Maester-Aemon),Undirected,3,2,90
Aemon-Targaryen-(Maester-Aemon),Daeron-II-Targaryen,Undirected,3,2,90
Aemon-Targaryen-(Maester-Aemon),Jeor-Mormont,Undirected,9,2,84
Aemon-Targaryen-(Maester-Aemon),Jon-Snow,Undirected,11,2,82
Aemon-Targaryen-(Maester-Aemon),Maekar-I-Targaryen,Undirected,3,2,90
Aemon-Targaryen-(Maester-Aemon),Samwell-Tarly,Undirected,5,2,88
Aenys-Frey,Arya-Stark,Undirected,6,2,87
Aeron-Greyjoy,Dagmer,Undirected,5,2,88
Aeron-Greyjoy,Theon-Greyjoy,Undirected,17,2,76
Aerys-I-Targaryen,Robert-Baratheon,Undirected,3,2,90
Aerys-II-Targaryen,Eddard-Stark,Undirected,5,2,88
Aerys-II-Targaryen,Jaime-Lannister,Undirected,4,2,89
Aerys-II-Targaryen,Rhaegar-Targaryen,Undirected,4,2,89
Aerys-II-Targaryen,Robert-Baratheon,Undirected,6,2,87
Aerys-II-Targaryen,Tyrion-Lannister,Undirected,3,2,90
Aggar,Gariss,Undirected,3,2,90
Aggar,Gelmarr,Undirected,3,2,90
Aggar,Gynir,Undirected,3,2,90
Aggar,Ramsay-Snow,Undirected,4,2,89
Aggo,Belwas,Undirected,3,2,90
Aggo,Daenerys-Targaryen,Undirected,10,2,83
Aggo,Jhogo,Undirected,12,2,81
Aggo,Jorah-Mormont,Undirected,4,2,89
Aggo,Rakharo,Undirected,4,2,89
Alayaya,Dancy,Undirected,3,2,90
Alayaya,Tyrion-Lannister,Undirected,3,2,90
Alebelly,Bran-Stark,Undirected,7,2,86
Alebelly,Hayhead,Undirected,3,2,90
Alebelly,Jojen-Reed,Undirected,6,2,87
Alebelly,Mikken,Undirected,3,2,90
Alester-Florent,Cortnay-Penrose,Undirected,4,2,89
Alester-Florent,Davos-Seaworth,Undirected,3,2,90
Alester-Florent,Renly-Baratheon,Undirected,3,2,90
Alester-Florent,Stannis-Baratheon,Undirected,5,2,88
Allar-Deem,Janos-Slynt,Undirected,3,2,90
Allar-Deem,Tyrion-Lannister,Undirected,4,2,89
Allard-Seaworth,Davos-Seaworth,Undirected,5,2,88
Allard-Seaworth,Marya-Seaworth,Undirected,5,2,88
Allard-Seaworth,Stannis-Baratheon,Undirected,3,2,90
Alliser-Thorne,Jeor-Mormont,Undirected,3,2,90
Alliser-Thorne,Joffrey-Baratheon,Undirected,4,2,89
Alliser-Thorne,Jon-Snow,Undirected,3,2,90
Alliser-Thorne,Tyrion-Lannister,Undirected,8,2,85
Amabel,Arya-Stark,Undirected,6,2,87
Amabel,Harra,Undirected,4,2,89
Amory-Lorch,Arya-Stark,Undirected,9,2,84
Amory-Lorch,Cersei-Lannister,Undirected,4,2,89
Amory-Lorch,Chiswyck,Undirected,4,2,89
Amory-Lorch,Dunsen,Undirected,3,2,90
Amory-Lorch,Gendry,Undirected,3,2,90
Amory-Lorch,Gregor-Clegane,Undirected,7,2,86
Amory-Lorch,Hot-Pie,Undirected,3,2,90
Amory-Lorch,Ilyn-Payne,Undirected,4,2,89
Amory-Lorch,Joffrey-Baratheon,Undirected,7,2,86
Amory-Lorch,Meryn-Trant,Undirected,5,2,88
Amory-Lorch,Polliver,Undirected,3,2,90
Amory-Lorch,Rafford,Undirected,5,2,88
Amory-Lorch,Roose-Bolton,Undirected,3,2,90
Amory-Lorch,Sandor-Clegane,Undirected,5,2,88
Amory-Lorch,Tickler,Undirected,5,2,88
Amory-Lorch,Tywin-Lannister,Undirected,4,2,89
Amory-Lorch,Vargo-Hoat,Undirected,7,2,86
Amory-Lorch,Yoren,Undirected,5,2,88
Ardrian-Celtigar,Monford-Velaryon,Undirected,5,2,88
Aron-Santagar,Sandor-Clegane,Undirected,3,2,90
Arwyn-Oakheart,Randyll-Tarly,Undirected,3,2,90
Arya-Stark,Beric-Dondarrion,Undirected,5,2,88
Arya-Stark,Biter,Undirected,10,2,83
Arya-Stark,Bran-Stark,Undirected,10,2,83
Arya-Stark,Cersei-Lannister,Undirected,7,2,86
Arya-Stark,Chiswyck,Undirected,8,2,85
Arya-Stark,Dobber,Undirected,4,2,89
Arya-Stark,Dunsen,Undirected,3,2,90
Arya-Stark,Eddard-Stark,Undirected,6,2,87
Arya-Stark,Gendry,Undirected,36,2,57
Arya-Stark,Gregor-Clegane,Undirected,4,2,89
Arya-Stark,Harra,Undirected,3,2,90
Arya-Stark,Harren-Hoare,Undirected,7,2,86
Arya-Stark,Hot-Pie,Undirected,51,2,42
Arya-Stark,Jaime-Lannister,Undirected,3,2,90
Arya-Stark,Jaqen-Hghar,Undirected,25,2,68
Arya-Stark,Joffrey-Baratheon,Undirected,4,2,89
Arya-Stark,Jon-Snow,Undirected,13,2,80
Arya-Stark,Koss,Undirected,3,2,90
Arya-Stark,Lommy-Greenhands,Undirected,31,2,62
Arya-Stark,Nan,Undirected,5,2,88
Arya-Stark,Polliver,Undirected,3,2,90
Arya-Stark,Praed,Undirected,3,2,90
Arya-Stark,Rafford,Undirected,5,2,88
Arya-Stark,Rickon-Stark,Undirected,5,2,88
Arya-Stark,Robb-Stark,Undirected,15,2,78
Arya-Stark,Robert-Baratheon,Undirected,4,2,89
Arya-Stark,Roose-Bolton,Undirected,13,2,80
Arya-Stark,Rorge,Undirected,13,2,80
Arya-Stark,Sansa-Stark,Undirected,20,2,73
Arya-Stark,Syrio-Forel,Undirected,5,2,88
Arya-Stark,Tyrion-Lannister,Undirected,4,2,89
Arya-Stark,Tywin-Lannister,Undirected,13,2,80
Arya-Stark,Vargo-Hoat,Undirected,6,2,87
Arya-Stark,Weasel,Undirected,10,2,83
Arya-Stark,Weese,Undirected,15,2,78
Arya-Stark,Woth,Undirected,3,2,90
Arya-Stark,Yoren,Undirected,28,2,65
Arys-Oakheart,Joffrey-Baratheon,Undirected,6,2,87
Arys-Oakheart,Myrcella-Baratheon,Undirected,4,2,89
Arys-Oakheart,Sansa-Stark,Undirected,3,2,90
Asha-Greyjoy,Balon-Greyjoy,Undirected,3,2,90
Asha-Greyjoy,Dagmer,Undirected,5,2,88
Asha-Greyjoy,Theon-Greyjoy,Undirected,35,2,58
Asha-Greyjoy,Wex-Pyke,Undirected,3,2,90
Axell-Florent,Selyse-Florent,Undirected,3,2,90
Axell-Florent,Stannis-Baratheon,Undirected,6,2,87
Bael-the-Bard,Ygritte,Undirected,5,2,88
Ballabar,Podrick-Payne,Undirected,3,2,90
Ballabar,Tyrion-Lannister,Undirected,12,2,81
Balon-Greyjoy,Catelyn-Stark,Undirected,3,2,90
Balon-Greyjoy,Dagmer,Undirected,3,2,90
Balon-Greyjoy,Eddard-Stark,Undirected,4,2,89
Balon-Greyjoy,Robb-Stark,Undirected,5,2,88
Balon-Greyjoy,Robert-Baratheon,Undirected,4,2,89
Balon-Greyjoy,Theon-Greyjoy,Undirected,27,2,66
Balon-Greyjoy,Victarion-Greyjoy,Undirected,4,2,89
Balon-Swann,Joffrey-Baratheon,Undirected,6,2,87
Balon-Swann,Mandon-Moore,Undirected,3,2,90
Balon-Swann,Meryn-Trant,Undirected,3,2,90
Balon-Swann,Osmund-Kettleblack,Undirected,4,2,89
Balon-Swann,Tyrion-Lannister,Undirected,8,2,85
Barristan-Selmy,Belwas,Undirected,5,2,88
Barristan-Selmy,Cersei-Lannister,Undirected,5,2,88
Barristan-Selmy,Daenerys-Targaryen,Undirected,3,2,90
Barristan-Selmy,Joffrey-Baratheon,Undirected,7,2,86
Barristan-Selmy,Robert-Baratheon,Undirected,3,2,90
Barristan-Selmy,Varys,Undirected,3,2,90
Belwas,Daenerys-Targaryen,Undirected,5,2,88
Belwas,Jhogo,Undirected,3,2,90
Belwas,Jorah-Mormont,Undirected,4,2,89
Benfred-Tallhart,Helman-Tallhart,Undirected,3,2,90
Benfred-Tallhart,Leobald-Tallhart,Undirected,3,2,90
Benfred-Tallhart,Stygg,Undirected,3,2,90
Benfred-Tallhart,Theon-Greyjoy,Undirected,7,2,86
Benjen-Stark,Jeor-Mormont,Undirected,5,2,88
Beric-Dondarrion,Thoros-of-Myr,Undirected,3,2,90
Beth-Cassel,Bran-Stark,Undirected,4,2,89
Beth-Cassel,Rodrik-Cassel,Undirected,4,2,89
Beth-Cassel,Theon-Greyjoy,Undirected,3,2,90
Biter,Jaqen-Hghar,Undirected,12,2,81
Biter,Rorge,Undirected,14,2,79
Biter,Yoren,Undirected,3,2,90
Boros-Blount,Cersei-Lannister,Undirected,7,2,86
Boros-Blount,Gyles-Rosby,Undirected,5,2,88
Boros-Blount,Joffrey-Baratheon,Undirected,11,2,82
Boros-Blount,Meryn-Trant,Undirected,13,2,80
Boros-Blount,Sansa-Stark,Undirected,8,2,85
Boros-Blount,Tanda-Stokeworth,Undirected,3,2,90
Boros-Blount,Tommen-Baratheon,Undirected,3,2,90
Boros-Blount,Tyrion-Lannister,Undirected,8,2,85
Bran-Stark,Catelyn-Stark,Undirected,3,2,90
Bran-Stark,Chayle,Undirected,3,2,90
Bran-Stark,Cley-Cerwyn,Undirected,5,2,88
Bran-Stark,Donella-Hornwood,Undirected,5,2,88
Bran-Stark,Eddard-Stark,Undirected,4,2,89
Bran-Stark,Hayhead,Undirected,6,2,87
Bran-Stark,Hodor,Undirected,59,2,34
Bran-Stark,Howland-Reed,Undirected,3,2,90
Bran-Stark,Jojen-Reed,Undirected,47,2,46
Bran-Stark,Jon-Snow,Undirected,11,2,82
Bran-Stark,Luwin,Undirected,51,2,42
Bran-Stark,Meera-Reed,Undirected,36,2,57
Bran-Stark,Mikken,Undirected,11,2,82
Bran-Stark,Nan,Undirected,7,2,86
Bran-Stark,Osha,Undirected,30,2,63
Bran-Stark,Poxy-Tym,Undirected,3,2,90
Bran-Stark,Ramsay-Snow,Undirected,7,2,86
Bran-Stark,Reek,Undirected,3,2,90
Bran-Stark,Rickon-Stark,Undirected,54,2,39
Bran-Stark,Robb-Stark,Undirected,28,2,65
Bran-Stark,Rodrik-Cassel,Undirected,34,2,59
Bran-Stark,Sansa-Stark,Undirected,5,2,88
Bran-Stark,Stafford-Lannister,Undirected,3,2,90
Bran-Stark,Theon-Greyjoy,Undirected,24,2,69
Bran-Stark,Walder-Frey-(son-of-Jammos),Undirected,5,2,88
Bran-Stark,Walder-Frey-(son-of-Merrett),Undirected,12,2,81
Bran-Stark,Wyman-Manderly,Undirected,6,2,87
Brienne-of-Tarth,Catelyn-Stark,Undirected,36,2,57
Brienne-of-Tarth,Edmure-Tully,Undirected,3,2,90
Brienne-of-Tarth,Emmon-Cuy,Undirected,8,2,85
Brienne-of-Tarth,Jaime-Lannister,Undirected,3,2,90
Brienne-of-Tarth,Renly-Baratheon,Undirected,28,2,65
Brienne-of-Tarth,Robar-Royce,Undirected,3,2,90
Brienne-of-Tarth,Robert-Baratheon,Undirected,3,2,90
Brienne-of-Tarth,Selwyn-Tarth,Undirected,4,2,89
Brienne-of-Tarth,Stannis-Baratheon,Undirected,5,2,88
Brienne-of-Tarth,Vyman,Undirected,3,2,90
Bronn,Cersei-Lannister,Undirected,11,2,82
Bronn,Jacelyn-Bywater,Undirected,7,2,86
Bronn,Joffrey-Baratheon,Undirected,9,2,84
Bronn,Mandon-Moore,Undirected,5,2,88
Bronn,Podrick-Payne,Undirected,3,2,90
Bronn,Stannis-Baratheon,Undirected,3,2,90
Bronn,Timett,Undirected,5,2,88
Bronn,Tommen-Baratheon,Undirected,3,2,90
Bronn,Tyrion-Lannister,Undirected,40,2,53
Bronn,Varys,Undirected,8,2,85
Bryce-Caron,Cortnay-Penrose,Undirected,3,2,90
Bryce-Caron,Eldon-Estermont,Undirected,3,2,90
Bryce-Caron,Guyard-Morrigen,Undirected,5,2,88
Bryce-Caron,Renly-Baratheon,Undirected,7,2,86
Bryce-Caron,Stannis-Baratheon,Undirected,3,2,90
Brynden-Tully,Catelyn-Stark,Undirected,5,2,88
Brynden-Tully,Robb-Stark,Undirected,6,2,87
Brynden-Tully,Tywin-Lannister,Undirected,3,2,90
Captain-Myraham,Theon-Greyjoy,Undirected,4,2,89
Captain-Myraham-Daughter,Theon-Greyjoy,Undirected,3,2,90
Catelyn-Stark,Cersei-Lannister,Undirected,14,2,79
Catelyn-Stark,Cleos-Frey,Undirected,5,2,88
Catelyn-Stark,Colen-of-Greenpools,Undirected,6,2,87
Catelyn-Stark,Desmond-Grell,Undirected,3,2,90
Catelyn-Stark,Eddard-Stark,Undirected,12,2,81
Catelyn-Stark,Edmure-Tully,Undirected,17,2,76
Catelyn-Stark,Hallis-Mollen,Undirected,6,2,87
Catelyn-Stark,Hoster-Tully,Undirected,5,2,88
Catelyn-Stark,Jaime-Lannister,Undirected,16,2,77
Catelyn-Stark,Joffrey-Baratheon,Undirected,4,2,89
Catelyn-Stark,Loras-Tyrell,Undirected,6,2,87
Catelyn-Stark,Lysa-Arryn,Undirected,7,2,86
Catelyn-Stark,Margaery-Tyrell,Undirected,4,2,89
Catelyn-Stark,Mathis-Rowan,Undirected,3,2,90
Catelyn-Stark,Randyll-Tarly,Undirected,3,2,90
Catelyn-Stark,Renly-Baratheon,Undirected,51,2,42
Catelyn-Stark,Rickon-Stark,Undirected,3,2,90
Catelyn-Stark,Robar-Royce,Undirected,7,2,86
Catelyn-Stark,Robb-Stark,Undirected,27,2,66
Catelyn-Stark,Robert-Baratheon,Undirected,5,2,88
Catelyn-Stark,Sansa-Stark,Undirected,3,2,90
Catelyn-Stark,Stafford-Lannister,Undirected,3,2,90
Catelyn-Stark,Stannis-Baratheon,Undirected,20,2,73
Catelyn-Stark,Theon-Greyjoy,Undirected,5,2,88
Catelyn-Stark,Tyrion-Lannister,Undirected,10,2,83
Catelyn-Stark,Tywin-Lannister,Undirected,14,2,79
Catelyn-Stark,Utherydes-Wayn,Undirected,3,2,90
Catelyn-Stark,Vyman,Undirected,4,2,89
Catelyn-Stark,Wendel-Manderly,Undirected,7,2,86
Cersei-Lannister,Chiswyck,Undirected,3,2,90
Cersei-Lannister,Cleos-Frey,Undirected,6,2,87
Cersei-Lannister,Dunsen,Undirected,3,2,90
Cersei-Lannister,Eddard-Stark,Undirected,13,2,80
Cersei-Lannister,Gregor-Clegane,Undirected,4,2,89
Cersei-Lannister,Gyles-Rosby,Undirected,6,2,87
Cersei-Lannister,Ilyn-Payne,Undirected,12,2,81
Cersei-Lannister,Jacelyn-Bywater,Undirected,4,2,89
Cersei-Lannister,Jaime-Lannister,Undirected,17,2,76
Cersei-Lannister,Janos-Slynt,Undirected,9,2,84
Cersei-Lannister,Joffrey-Baratheon,Undirected,63,2,30
Cersei-Lannister,Lancel-Lannister,Undirected,20,2,73
Cersei-Lannister,Lysa-Arryn,Undirected,5,2,88
Cersei-Lannister,Meryn-Trant,Undirected,11,2,82
Cersei-Lannister,Myrcella-Baratheon,Undirected,4,2,89
Cersei-Lannister,Osfryd-Kettleblack,Undirected,7,2,86
Cersei-Lannister,Osmund-Kettleblack,Undirected,4,2,89
Cersei-Lannister,Osney-Kettleblack,Undirected,3,2,90
Cersei-Lannister,Petyr-Baelish,Undirected,7,2,86
Cersei-Lannister,Polliver,Undirected,3,2,90
Cersei-Lannister,Preston-Greenfield,Undirected,3,2,90
Cersei-Lannister,Pycelle,Undirected,6,2,87
Cersei-Lannister,Rafford,Undirected,3,2,90
Cersei-Lannister,Renly-Baratheon,Undirected,7,2,86
Cersei-Lannister,Robb-Stark,Undirected,15,2,78
Cersei-Lannister,Robert-Baratheon,Undirected,12,2,81
Cersei-Lannister,Sandor-Clegane,Undirected,9,2,84
Cersei-Lannister,Sansa-Stark,Undirected,39,2,54
Cersei-Lannister,Shae,Undirected,5,2,88
Cersei-Lannister,Stannis-Baratheon,Undirected,23,2,70
Cersei-Lannister,Tanda-Stokeworth,Undirected,3,2,90
Cersei-Lannister,Tickler,Undirected,5,2,88
Cersei-Lannister,Tommen-Baratheon,Undirected,10,2,83
Cersei-Lannister,Tyrion-Lannister,Undirected,87,2,6
Cersei-Lannister,Tywin-Lannister,Undirected,10,2,83
Cersei-Lannister,Varys,Undirected,23,2,70
Cersei-Lannister,Vylarr,Undirected,3,2,90
Chataya,Tyrion-Lannister,Undirected,6,2,87
Chayle,Mikken,Undirected,4,2,89
Chella,Shae,Undirected,4,2,89
Chella,Tyrion-Lannister,Undirected,3,2,90
Chella,Varys,Undirected,4,2,89
Chett,Jon-Snow,Undirected,5,2,88
Chiswyck,Dunsen,Undirected,3,2,90
Chiswyck,Gregor-Clegane,Undirected,4,2,89
Chiswyck,Ilyn-Payne,Undirected,3,2,90
Chiswyck,Joffrey-Baratheon,Undirected,3,2,90
Chiswyck,Meryn-Trant,Undirected,3,2,90
Chiswyck,Polliver,Undirected,4,2,89
Chiswyck,Rafford,Undirected,7,2,86
Chiswyck,Sandor-Clegane,Undirected,3,2,90
Chiswyck,Tickler,Undirected,5,2,88
Chiswyck,Weese,Undirected,6,2,87
Cleos-Frey,Eddard-Stark,Undirected,3,2,90
Cleos-Frey,Jaime-Lannister,Undirected,3,2,90
Cleos-Frey,Robb-Stark,Undirected,11,2,82
Cleos-Frey,Tyrion-Lannister,Undirected,13,2,80
Cley-Cerwyn,Donella-Hornwood,Undirected,3,2,90
Cley-Cerwyn,Rodrik-Cassel,Undirected,4,2,89
Colen-of-Greenpools,Renly-Baratheon,Undirected,3,2,90
Cortnay-Penrose,Davos-Seaworth,Undirected,5,2,88
Cortnay-Penrose,Renly-Baratheon,Undirected,3,2,90
Cortnay-Penrose,Stannis-Baratheon,Undirected,18,2,75
Cortnay-Penrose,Tyrion-Lannister,Undirected,3,2,90
Cortnay-Penrose,Varys,Undirected,3,2,90
Craster,Dywen,Undirected,7,2,86
Craster,Eddison-Tollett,Undirected,3,2,90
Craster,Jeor-Mormont,Undirected,19,2,74
Craster,Jon-Snow,Undirected,26,2,67
Craster,Mance-Rayder,Undirected,4,2,89
Craster,Samwell-Tarly,Undirected,10,2,83
Craster,Thoren-Smallwood,Undirected,4,2,89
Cressen,Davos-Seaworth,Undirected,10,2,83
Cressen,Melisandre,Undirected,7,2,86
Cressen,Patchface,Undirected,8,2,85
Cressen,Pylos,Undirected,17,2,76
Cressen,Renly-Baratheon,Undirected,4,2,89
Cressen,Robert-Baratheon,Undirected,4,2,89
Cressen,Selyse-Florent,Undirected,3,2,90
Cressen,Shireen-Baratheon,Undirected,6,2,87
Cressen,Stannis-Baratheon,Undirected,21,2,72
Cutjack,Gendry,Undirected,3,2,90
Cutjack,Kurz,Undirected,4,2,89
Cutjack,Tarber,Undirected,3,2,90
Daenerys-Targaryen,Doreah,Undirected,3,2,90
Daenerys-Targaryen,Drogo,Undirected,8,2,85
Daenerys-Targaryen,Irri,Undirected,6,2,87
Daenerys-Targaryen,Jhiqui,Undirected,7,2,86
Daenerys-Targaryen,Jhogo,Undirected,12,2,81
Daenerys-Targaryen,Jorah-Mormont,Undirected,29,2,64
Daenerys-Targaryen,Lynesse-Hightower,Undirected,3,2,90
Daenerys-Targaryen,Mirri-Maz-Duur,Undirected,3,2,90
Daenerys-Targaryen,Pono,Undirected,4,2,89
Daenerys-Targaryen,Pyat-Pree,Undirected,14,2,79
Daenerys-Targaryen,Quaithe,Undirected,5,2,88
Daenerys-Targaryen,Rakharo,Undirected,4,2,89
Daenerys-Targaryen,Robert-Baratheon,Undirected,4,2,89
Daenerys-Targaryen,Viserys-Targaryen,Undirected,3,2,90
Daenerys-Targaryen,Xaro-Xhoan-Daxos,Undirected,13,2,80
Dagmer,Rodrik-Cassel,Undirected,3,2,90
Dagmer,Theon-Greyjoy,Undirected,7,2,86
Dalbridge,Ebben,Undirected,4,2,89
Dalbridge,Jon-Snow,Undirected,4,2,89
Dalbridge,Qhorin-Halfhand,Undirected,5,2,88
Davos-Seaworth,Devan-Seaworth,Undirected,4,2,89
Davos-Seaworth,Imry-Florent,Undirected,3,2,90
Davos-Seaworth,Matthos-Seaworth,Undirected,3,2,90
Davos-Seaworth,Melisandre,Undirected,20,2,73
Davos-Seaworth,Monford-Velaryon,Undirected,3,2,90
Davos-Seaworth,Pylos,Undirected,9,2,84
Davos-Seaworth,Renly-Baratheon,Undirected,6,2,87
Davos-Seaworth,Salladhor-Saan,Undirected,8,2,85
Davos-Seaworth,Stannis-Baratheon,Undirected,58,2,35
Desmond-Grell,Edmure-Tully,Undirected,4,2,89
Desmond-Grell,Utherydes-Wayn,Undirected,3,2,90
Devan-Seaworth,Renly-Baratheon,Undirected,3,2,90
Devan-Seaworth,Stannis-Baratheon,Undirected,13,2,80
Dolf,Shagga,Undirected,3,2,90
Donella-Hornwood,Leobald-Tallhart,Undirected,3,2,90
Donella-Hornwood,Luwin,Undirected,7,2,86
Donella-Hornwood,Mors-Umber,Undirected,3,2,90
Donella-Hornwood,Ramsay-Snow,Undirected,3,2,90
Donella-Hornwood,Rodrik-Cassel,Undirected,4,2,89
Dontos-Hollard,Joffrey-Baratheon,Undirected,8,2,85
Dontos-Hollard,Moon-Boy,Undirected,5,2,88
Dontos-Hollard,Sansa-Stark,Undirected,17,2,76
Dontos-Hollard,Stannis-Baratheon,Undirected,3,2,90
Dontos-Hollard,Tyrion-Lannister,Undirected,4,2,89
Doran-Martell,Myrcella-Baratheon,Undirected,4,2,89
Doran-Martell,Tyrion-Lannister,Undirected,3,2,90
Doran-Martell,Varys,Undirected,4,2,89
Drennan,Squint,Undirected,3,2,90
Drennan,Theon-Greyjoy,Undirected,3,2,90
Drogo,Jorah-Mormont,Undirected,4,2,89
Drogo,Pono,Undirected,4,2,89
Drogo,Viserys-Targaryen,Undirected,3,2,90
Dunsen,Gregor-Clegane,Undirected,4,2,89
Dunsen,Ilyn-Payne,Undirected,3,2,90
Dunsen,Joffrey-Baratheon,Undirected,3,2,90
Dunsen,Meryn-Trant,Undirected,3,2,90
Dunsen,Polliver,Undirected,7,2,86
Dunsen,Rafford,Undirected,6,2,87
Dunsen,Sandor-Clegane,Undirected,3,2,90
Dunsen,Tickler,Undirected,3,2,90
Dunsen,Weese,Undirected,3,2,90
Dywen,Grenn,Undirected,8,2,85
Dywen,Jon-Snow,Undirected,9,2,84
Ebben,Jon-Snow,Undirected,10,2,83
Ebben,Qhorin-Halfhand,Undirected,8,2,85
Ebben,Stonesnake,Undirected,4,2,89
Eddard-Stark,Ilyn-Payne,Undirected,5,2,88
Eddard-Stark,Janos-Slynt,Undirected,7,2,86
Eddard-Stark,Joffrey-Baratheon,Undirected,9,2,84
Eddard-Stark,Jon-Snow,Undirected,9,2,84
Eddard-Stark,Luwin,Undirected,3,2,90
Eddard-Stark,Maron-Greyjoy,Undirected,3,2,90
Eddard-Stark,Petyr-Baelish,Undirected,4,2,89
Eddard-Stark,Renly-Baratheon,Undirected,5,2,88
Eddard-Stark,Rickon-Stark,Undirected,3,2,90
Eddard-Stark,Robb-Stark,Undirected,11,2,82
Eddard-Stark,Robert-Baratheon,Undirected,26,2,67
Eddard-Stark,Stannis-Baratheon,Undirected,5,2,88
Eddard-Stark,Theon-Greyjoy,Undirected,17,2,76
Eddard-Stark,Tyrion-Lannister,Undirected,12,2,81
Eddard-Stark,Varys,Undirected,3,2,90
Eddison-Tollett,Jeor-Mormont,Undirected,4,2,89
Eddison-Tollett,Jon-Snow,Undirected,11,2,82
Edmure-Tully,Hoster-Tully,Undirected,3,2,90
Edmure-Tully,Jaime-Lannister,Undirected,3,2,90
Edmure-Tully,Robb-Stark,Undirected,12,2,81
Edmure-Tully,Tywin-Lannister,Undirected,8,2,85
Eldon-Estermont,Steffon-Varner,Undirected,3,2,90
Emmon-Cuy,Renly-Baratheon,Undirected,3,2,90
Emmon-Cuy,Robar-Royce,Undirected,3,2,90
Euron-Greyjoy,Theon-Greyjoy,Undirected,4,2,89
Farlen,Theon-Greyjoy,Undirected,6,2,87
Florian-the-Fool,Jonquil,Undirected,8,2,85
Florian-the-Fool,Sansa-Stark,Undirected,3,2,90
Gariss,Murch,Undirected,5,2,88
Garlan-Tyrell,Joffrey-Baratheon,Undirected,4,2,89
Garlan-Tyrell,Loras-Tyrell,Undirected,3,2,90
Gendry,Hot-Pie,Undirected,23,2,70
Gendry,Jaqen-Hghar,Undirected,4,2,89
Gendry,Lommy-Greenhands,Undirected,17,2,76
Gendry,Woth,Undirected,3,2,90
Gendry,Yoren,Undirected,8,2,85
Gregor-Clegane,Ilyn-Payne,Undirected,3,2,90
Gregor-Clegane,Joffrey-Baratheon,Undirected,3,2,90
Gregor-Clegane,Meryn-Trant,Undirected,4,2,89
Gregor-Clegane,Polliver,Undirected,5,2,88
Gregor-Clegane,Rafford,Undirected,6,2,87
Gregor-Clegane,Sandor-Clegane,Undirected,5,2,88
Gregor-Clegane,Tickler,Undirected,5,2,88
Gregor-Clegane,Tywin-Lannister,Undirected,4,2,89
Gregor-Clegane,Weese,Undirected,5,2,88
Grenn,Jeor-Mormont,Undirected,3,2,90
Grenn,Samwell-Tarly,Undirected,6,2,87
Guyard-Morrigen,Renly-Baratheon,Undirected,7,2,86
Gyles-Rosby,Jacelyn-Bywater,Undirected,4,2,89
Gyles-Rosby,Joffrey-Baratheon,Undirected,4,2,89
Gyles-Rosby,Lollys-Stokeworth,Undirected,5,2,88
Gyles-Rosby,Sansa-Stark,Undirected,3,2,90
Gyles-Rosby,Tanda-Stokeworth,Undirected,5,2,88
Gyles-Rosby,Tommen-Baratheon,Undirected,4,2,89
Gyles-Rosby,Tyrion-Lannister,Undirected,3,2,90
Gynir,Wex-Pyke,Undirected,4,2,89
Hake,Jon-Snow,Undirected,4,2,89
Hallis-Mollen,Wendel-Manderly,Undirected,3,2,90
Hallyne,Joffrey-Baratheon,Undirected,3,2,90
Hallyne,Tyrion-Lannister,Undirected,5,2,88
Halys-Hornwood,Rodrik-Cassel,Undirected,3,2,90
Harren-Hoare,Nan,Undirected,5,2,88
High-Septon-(fat_one),Tyrion-Lannister,Undirected,4,2,89
High-Septon-(Tyrions),Tyrion-Lannister,Undirected,4,2,89
Hobber-Redwyne,Horas-Redwyne,Undirected,7,2,86
Hodor,Jojen-Reed,Undirected,3,2,90
Hodor,Luwin,Undirected,17,2,76
Hodor,Meera-Reed,Undirected,10,2,83
Hodor,Osha,Undirected,16,2,77
Hodor,Rickon-Stark,Undirected,11,2,82
Hodor,Rodrik-Cassel,Undirected,3,2,90
Hodor,Wyman-Manderly,Undirected,3,2,90
Horas-Redwyne,Joffrey-Baratheon,Undirected,3,2,90
Hoster-Tully,Vyman,Undirected,3,2,90
Hot-Pie,Lommy-Greenhands,Undirected,28,2,65
Hot-Pie,Mebble,Undirected,4,2,89
Hot-Pie,Weasel,Undirected,4,2,89
Hot-Pie,Woth,Undirected,5,2,88
Hot-Pie,Yoren,Undirected,8,2,85
Ilyn-Payne,Joffrey-Baratheon,Undirected,13,2,80
Ilyn-Payne,Meryn-Trant,Undirected,8,2,85
Ilyn-Payne,Polliver,Undirected,3,2,90
Ilyn-Payne,Rafford,Undirected,3,2,90
Ilyn-Payne,Sandor-Clegane,Undirected,8,2,85
Ilyn-Payne,Sansa-Stark,Undirected,9,2,84
Ilyn-Payne,Tickler,Undirected,5,2,88
Irri,Jhiqui,Undirected,3,2,90
Jacelyn-Bywater,Janos-Slynt,Undirected,4,2,89
Jacelyn-Bywater,Joffrey-Baratheon,Undirected,7,2,86
Jacelyn-Bywater,Lancel-Lannister,Undirected,3,2,90
Jacelyn-Bywater,Tommen-Baratheon,Undirected,6,2,87
Jacelyn-Bywater,Tyrion-Lannister,Undirected,16,2,77
Jacelyn-Bywater,Varys,Undirected,4,2,89
Jaime-Lannister,Joffrey-Baratheon,Undirected,12,2,81
Jaime-Lannister,Jon-Snow,Undirected,3,2,90
Jaime-Lannister,Mandon-Moore,Undirected,4,2,89
Jaime-Lannister,Petyr-Baelish,Undirected,4,2,89
Jaime-Lannister,Renly-Baratheon,Undirected,9,2,84
Jaime-Lannister,Robb-Stark,Undirected,11,2,82
Jaime-Lannister,Robert-Baratheon,Undirected,11,2,82
Jaime-Lannister,Sansa-Stark,Undirected,5,2,88
Jaime-Lannister,Stafford-Lannister,Undirected,3,2,90
Jaime-Lannister,Stannis-Baratheon,Undirected,6,2,87
Jaime-Lannister,Theon-Greyjoy,Undirected,4,2,89
Jaime-Lannister,Tyrion-Lannister,Undirected,25,2,68
Jaime-Lannister,Tysha,Undirected,3,2,90
Jaime-Lannister,Tywin-Lannister,Undirected,5,2,88
Janos-Slynt,Joffrey-Baratheon,Undirected,10,2,83
Janos-Slynt,Petyr-Baelish,Undirected,5,2,88
Janos-Slynt,Tyrion-Lannister,Undirected,26,2,67
Janos-Slynt,Varys,Undirected,7,2,86
Jaqen-Hghar,Rorge,Undirected,16,2,77
Jaqen-Hghar,Weese,Undirected,4,2,89
Jaqen-Hghar,Yoren,Undirected,3,2,90
Jaremy-Rykker,Jeor-Mormont,Undirected,3,2,90
Jaremy-Rykker,Thoren-Smallwood,Undirected,3,2,90
Jarman-Buckwell,Jeor-Mormont,Undirected,4,2,89
Jarman-Buckwell,Jon-Snow,Undirected,4,2,89
Jarman-Buckwell,Thoren-Smallwood,Undirected,6,2,87
Jason-Mallister,Theon-Greyjoy,Undirected,4,2,89
Jeor-Mormont,Jon-Snow,Undirected,63,2,30
Jeor-Mormont,Jorah-Mormont,Undirected,3,2,90
Jeor-Mormont,Mance-Rayder,Undirected,4,2,89
Jeor-Mormont,Ottyn-Wythers,Undirected,3,2,90
Jeor-Mormont,Qhorin-Halfhand,Undirected,12,2,81
Jeor-Mormont,Samwell-Tarly,Undirected,17,2,76
Jeor-Mormont,Thoren-Smallwood,Undirected,11,2,82
Jhogo,Jorah-Mormont,Undirected,6,2,87
Joffrey-Baratheon,Lancel-Lannister,Undirected,4,2,89
Joffrey-Baratheon,Loras-Tyrell,Undirected,3,2,90
Joffrey-Baratheon,Mace-Tyrell,Undirected,4,2,89
Joffrey-Baratheon,Mandon-Moore,Undirected,8,2,85
Joffrey-Baratheon,Margaery-Tyrell,Undirected,6,2,87
Joffrey-Baratheon,Meryn-Trant,Undirected,19,2,74
Joffrey-Baratheon,Myrcella-Baratheon,Undirected,13,2,80
Joffrey-Baratheon,Osmund-Kettleblack,Undirected,9,2,84
Joffrey-Baratheon,Petyr-Baelish,Undirected,20,2,73
Joffrey-Baratheon,Polliver,Undirected,3,2,90
Joffrey-Baratheon,Pycelle,Undirected,6,2,87
Joffrey-Baratheon,Rafford,Undirected,3,2,90
Joffrey-Baratheon,Renly-Baratheon,Undirected,11,2,82
Joffrey-Baratheon,Robb-Stark,Undirected,16,2,77
Joffrey-Baratheon,Robert-Baratheon,Undirected,20,2,73
Joffrey-Baratheon,Sandor-Clegane,Undirected,27,2,66
Joffrey-Baratheon,Sansa-Stark,Undirected,76,2,17
Joffrey-Baratheon,Stannis-Baratheon,Undirected,21,2,72
Joffrey-Baratheon,Tickler,Undirected,4,2,89
Joffrey-Baratheon,Tommen-Baratheon,Undirected,23,2,70
Joffrey-Baratheon,Tyrion-Lannister,Undirected,92,2,1
Joffrey-Baratheon,Tywin-Lannister,Undirected,11,2,82
Joffrey-Baratheon,Varys,Undirected,24,2,69
Joffrey-Baratheon,Yoren,Undirected,3,2,90
Jojen-Reed,Luwin,Undirected,7,2,86
Jojen-Reed,Meera-Reed,Undirected,18,2,75
Jojen-Reed,Osha,Undirected,4,2,89
Jojen-Reed,Rickon-Stark,Undirected,5,2,88
Jon-Fossoway,Mathis-Rowan,Undirected,3,2,90
Jon-Snow,Lark,Undirected,4,2,89
Jon-Snow,Mance-Rayder,Undirected,4,2,89
Jon-Snow,Nan,Undirected,4,2,89
Jon-Snow,Ottyn-Wythers,Undirected,3,2,90
Jon-Snow,Qhorin-Halfhand,Undirected,47,2,46
Jon-Snow,Rattleshirt,Undirected,7,2,86
Jon-Snow,Rickon-Stark,Undirected,5,2,88
Jon-Snow,Robb-Stark,Undirected,13,2,80
Jon-Snow,Robert-Baratheon,Undirected,6,2,87
Jon-Snow,Samwell-Tarly,Undirected,52,2,41
Jon-Snow,Stonesnake,Undirected,13,2,80
Jon-Snow,Thoren-Smallwood,Undirected,4,2,89
Jon-Snow,Ygritte,Undirected,12,2,81
Jon-Umber-(Greatjon),Robb-Stark,Undirected,8,2,85
Jorah-Mormont,Pono,Undirected,3,2,90
Jorah-Mormont,Rakharo,Undirected,3,2,90
Jorah-Mormont,Rhaegar-Targaryen,Undirected,4,2,89
Jorah-Mormont,Robert-Baratheon,Undirected,7,2,86
Koss,Yoren,Undirected,5,2,88
Kyra,Theon-Greyjoy,Undirected,4,2,89
Lancel-Lannister,Robert-Baratheon,Undirected,4,2,89
Lancel-Lannister,Sansa-Stark,Undirected,3,2,90
Lancel-Lannister,Tyrion-Lannister,Undirected,18,2,75
Lancel-Lannister,Varys,Undirected,3,2,90
Leobald-Tallhart,Rodrik-Cassel,Undirected,5,2,88
Lollys-Stokeworth,Tanda-Stokeworth,Undirected,7,2,86
Lommy-Greenhands,Weasel,Undirected,7,2,86
Lommy-Greenhands,Woth,Undirected,3,2,90
Lommy-Greenhands,Yoren,Undirected,13,2,80
Loras-Tyrell,Mace-Tyrell,Undirected,6,2,87
Loras-Tyrell,Renly-Baratheon,Undirected,14,2,79
Loras-Tyrell,Robert-Baratheon,Undirected,3,2,90
Loras-Tyrell,Stannis-Baratheon,Undirected,4,2,89
Loras-Tyrell,Tyrion-Lannister,Undirected,8,2,85
Lorent-Caswell,Renly-Baratheon,Undirected,3,2,90
Lorren,Squint,Undirected,3,2,90
Lorren,Theon-Greyjoy,Undirected,7,2,86
Lorren,Urzen,Undirected,3,2,90
Lorren,Wex-Pyke,Undirected,4,2,89
Luwin,Meera-Reed,Undirected,4,2,89
Luwin,Osha,Undirected,12,2,81
Luwin,Rickon-Stark,Undirected,12,2,81
Luwin,Robb-Stark,Undirected,6,2,87
Luwin,Rodrik-Cassel,Undirected,18,2,75
Luwin,Theon-Greyjoy,Undirected,17,2,76
Luwin,Walder-Frey-(son-of-Merrett),Undirected,4,2,89
Lysa-Arryn,Tyrion-Lannister,Undirected,5,2,88
Mace-Tyrell,Paxter-Redwyne,Undirected,3,2,90
Mace-Tyrell,Randyll-Tarly,Undirected,3,2,90
Mace-Tyrell,Renly-Baratheon,Undirected,4,2,89
Mace-Tyrell,Stannis-Baratheon,Undirected,3,2,90
Mance-Rayder,Qhorin-Halfhand,Undirected,4,2,89
Mance-Rayder,Thoren-Smallwood,Undirected,3,2,90
Mandon-Moore,Sandor-Clegane,Undirected,5,2,88
Mandon-Moore,Sansa-Stark,Undirected,3,2,90
Mandon-Moore,Tyrion-Lannister,Undirected,16,2,77
Margaery-Tyrell,Renly-Baratheon,Undirected,13,2,80
Margaery-Tyrell,Sansa-Stark,Undirected,4,2,89
Margaery-Tyrell,Varys,Undirected,3,2,90
Martyn-Rivers,Robb-Stark,Undirected,3,2,90
Mathis-Rowan,Randyll-Tarly,Undirected,4,2,89
Mathis-Rowan,Renly-Baratheon,Undirected,8,2,85
Mathis-Rowan,Stannis-Baratheon,Undirected,3,2,90
Meera-Reed,Osha,Undirected,6,2,87
Meera-Reed,Rickon-Stark,Undirected,6,2,87
Melisandre,Renly-Baratheon,Undirected,4,2,89
Melisandre,Selyse-Florent,Undirected,6,2,87
Melisandre,Stannis-Baratheon,Undirected,14,2,79
Meryn-Trant,Osmund-Kettleblack,Undirected,8,2,85
Meryn-Trant,Polliver,Undirected,3,2,90
Meryn-Trant,Rafford,Undirected,3,2,90
Meryn-Trant,Sandor-Clegane,Undirected,10,2,83
Meryn-Trant,Tickler,Undirected,5,2,88
Meryn-Trant,Tyrion-Lannister,Undirected,7,2,86
Mikken,Osha,Undirected,3,2,90
Mikken,Theon-Greyjoy,Undirected,4,2,89
Monford-Velaryon,Stannis-Baratheon,Undirected,3,2,90
Myrcella-Baratheon,Robb-Stark,Undirected,3,2,90
Myrcella-Baratheon,Robert-Arryn,Undirected,4,2,89
Myrcella-Baratheon,Sandor-Clegane,Undirected,4,2,89
Myrcella-Baratheon,Sansa-Stark,Undirected,6,2,87
Myrcella-Baratheon,Tommen-Baratheon,Undirected,12,2,81
Myrcella-Baratheon,Trystane-Martell,Undirected,4,2,89
Myrcella-Baratheon,Tyrion-Lannister,Undirected,8,2,85
Olyvar-Frey,Robb-Stark,Undirected,4,2,89
Osha,Rickon-Stark,Undirected,8,2,85
Osha,Robb-Stark,Undirected,3,2,90
Osha,Theon-Greyjoy,Undirected,4,2,89
Osmund-Kettleblack,Osney-Kettleblack,Undirected,4,2,89
Osmund-Kettleblack,Sansa-Stark,Undirected,4,2,89
Osmund-Kettleblack,Tyrion-Lannister,Undirected,7,2,86
Ottyn-Wythers,Samwell-Tarly,Undirected,3,2,90
Palla,Theon-Greyjoy,Undirected,3,2,90
Patchface,Stannis-Baratheon,Undirected,6,2,87
Perwyn-Frey,Robb-Stark,Undirected,3,2,90
Perwyn-Frey,Wendel-Manderly,Undirected,3,2,90
Petyr-Baelish,Podrick-Payne,Undirected,4,2,89
Petyr-Baelish,Pycelle,Undirected,8,2,85
Petyr-Baelish,Renly-Baratheon,Undirected,5,2,88
Petyr-Baelish,Sansa-Stark,Undirected,4,2,89
Petyr-Baelish,Stannis-Baratheon,Undirected,8,2,85
Petyr-Baelish,Tyrion-Lannister,Undirected,41,2,52
Petyr-Baelish,Varys,Undirected,27,2,66
Podrick-Payne,Tyrion-Lannister,Undirected,13,2,80
Polliver,Rafford,Undirected,7,2,86
Polliver,Sandor-Clegane,Undirected,3,2,90
Polliver,Tickler,Undirected,3,2,90
Polliver,Weese,Undirected,3,2,90
Preston-Greenfield,Tyrion-Lannister,Undirected,3,2,90
Pyat-Pree,Xaro-Xhoan-Daxos,Undirected,10,2,83
Pycelle,Robert-Baratheon,Undirected,3,2,90
Pycelle,Shagga,Undirected,4,2,89
Pycelle,Stannis-Baratheon,Undirected,3,2,90
Pycelle,Tyrion-Lannister,Undirected,21,2,72
Pycelle,Varys,Undirected,9,2,84
Pylos,Shireen-Baratheon,Undirected,5,2,88
Pylos,Stannis-Baratheon,Undirected,11,2,82
Qhorin-Halfhand,Rattleshirt,Undirected,3,2,90
Qhorin-Halfhand,Stonesnake,Undirected,6,2,87
Qhorin-Halfhand,Thoren-Smallwood,Undirected,3,2,90
Qyburn,Roose-Bolton,Undirected,3,2,90
Rafford,Sandor-Clegane,Undirected,3,2,90
Rafford,Tickler,Undirected,4,2,89
Ramsay-Snow,Reek,Undirected,4,2,89
Ramsay-Snow,Robb-Stark,Undirected,3,2,90
Ramsay-Snow,Rodrik-Cassel,Undirected,5,2,88
Ramsay-Snow,Roose-Bolton,Undirected,5,2,88
Randyll-Tarly,Renly-Baratheon,Undirected,6,2,87
Randyll-Tarly,Stannis-Baratheon,Undirected,3,2,90
Rattleshirt,Ygritte,Undirected,4,2,89
Ramsay-Snow,Theon-Greyjoy,Undirected,14,2,79
Renly-Baratheon,Robb-Stark,Undirected,22,2,71
Renly-Baratheon,Robert-Baratheon,Undirected,29,2,64
Renly-Baratheon,Sansa-Stark,Undirected,4,2,89
Renly-Baratheon,Stannis-Baratheon,Undirected,70,2,23
Renly-Baratheon,Steffon-Baratheon,Undirected,3,2,90
Renly-Baratheon,Tyrion-Lannister,Undirected,14,2,79
Renly-Baratheon,Tywin-Lannister,Undirected,3,2,90
Renly-Baratheon,Varys,Undirected,5,2,88
Rhaegar-Targaryen,Robert-Baratheon,Undirected,5,2,88
Rhaegar-Targaryen,Viserys-Targaryen,Undirected,3,2,90
Rhaenys-Targaryen,Visenya-Targaryen,Undirected,3,2,90
Rickard-Karstark,Robb-Stark,Undirected,3,2,90
Rickon-Stark,Robb-Stark,Undirected,12,2,81
Rickon-Stark,Rodrik-Cassel,Undirected,3,2,90
Rickon-Stark,Sansa-Stark,Undirected,5,2,88
Rickon-Stark,Theon-Greyjoy,Undirected,8,2,85
Rickon-Stark,Walder-Frey-(son-of-Merrett),Undirected,5,2,88
Robb-Stark,Robert-Baratheon,Undirected,3,2,90
Robb-Stark,Rodrik-Cassel,Undirected,9,2,84
Robb-Stark,Roose-Bolton,Undirected,7,2,86
Robb-Stark,Sansa-Stark,Undirected,11,2,82
Robb-Stark,Stafford-Lannister,Undirected,5,2,88
Robb-Stark,Stannis-Baratheon,Undirected,12,2,81
Robb-Stark,Theon-Greyjoy,Undirected,21,2,72
Robb-Stark,Tyrion-Lannister,Undirected,18,2,75
Robb-Stark,Tywin-Lannister,Undirected,6,2,87
Robb-Stark,Varys,Undirected,3,2,90
Robb-Stark,Walder-Frey,Undirected,6,2,87
Robb-Stark,Wyman-Manderly,Undirected,3,2,90
Robert-Baratheon,Sansa-Stark,Undirected,6,2,87
Robert-Baratheon,Stannis-Baratheon,Undirected,25,2,68
Robert-Baratheon,Tyrion-Lannister,Undirected,10,2,83
Robert-Baratheon,Tywin-Lannister,Undirected,4,2,89
Robert-Baratheon,Varys,Undirected,4,2,89
Robett-Glover,Rorge,Undirected,3,2,90
Robett-Glover,Vargo-Hoat,Undirected,3,2,90
Rodrik-Cassel,Roose-Bolton,Undirected,4,2,89
Rodrik-Cassel,Theon-Greyjoy,Undirected,12,2,81
Rodrik-Cassel,Walder-Frey-(son-of-Merrett),Undirected,3,2,90
Rodrik-Cassel,Wyman-Manderly,Undirected,6,2,87
Roose-Bolton,Tywin-Lannister,Undirected,5,2,88
Roose-Bolton,Vargo-Hoat,Undirected,6,2,87
Roose-Bolton,Walder-Frey,Undirected,3,2,90
Rorge,Vargo-Hoat,Undirected,3,2,90
Rorge,Yoren,Undirected,4,2,89
Salladhor-Saan,Stannis-Baratheon,Undirected,6,2,87
Sandor-Clegane,Sansa-Stark,Undirected,19,2,74
Sandor-Clegane,Tickler,Undirected,5,2,88
Sandor-Clegane,Tommen-Baratheon,Undirected,5,2,88
Sandor-Clegane,Tyrion-Lannister,Undirected,13,2,80
Sansa-Stark,Stannis-Baratheon,Undirected,8,2,85
Sansa-Stark,Tanda-Stokeworth,Undirected,4,2,89
Sansa-Stark,Tommen-Baratheon,Undirected,10,2,83
Sansa-Stark,Tyrion-Lannister,Undirected,31,2,62
Selyse-Florent,Stannis-Baratheon,Undirected,15,2,78
Shadd,Wendel-Manderly,Undirected,3,2,90
Shae,Stannis-Baratheon,Undirected,3,2,90
Shae,Tyrion-Lannister,Undirected,30,2,63
Shae,Tysha,Undirected,3,2,90
Shae,Varys,Undirected,16,2,77
Shagga,Timett,Undirected,4,2,89
Shagga,Tyrion-Lannister,Undirected,15,2,78
Squint,Theon-Greyjoy,Undirected,3,2,90
Stannis-Baratheon,Steffon-Baratheon,Undirected,3,2,90
Stannis-Baratheon,Tyrion-Lannister,Undirected,39,2,54
Stannis-Baratheon,Tywin-Lannister,Undirected,4,2,89
Stannis-Baratheon,Varys,Undirected,5,2,88
Stonesnake,Ygritte,Undirected,3,2,90
Stygg,Theon-Greyjoy,Undirected,4,2,89
Stygg,Werlag,Undirected,3,2,90
Syrio-Forel,Yoren,Undirected,3,2,90
Tanda-Stokeworth,Tyrion-Lannister,Undirected,4,2,89
Theon-Greyjoy,Urzen,Undirected,3,2,90
Theon-Greyjoy,Victarion-Greyjoy,Undirected,3,2,90
Theon-Greyjoy,Werlag,Undirected,3,2,90
Theon-Greyjoy,Wex-Pyke,Undirected,14,2,79
Timett,Tyrion-Lannister,Undirected,10,2,83
Timett,Varys,Undirected,3,2,90
Tommen-Baratheon,Tyrion-Lannister,Undirected,10,2,83
Tyrion-Lannister,Tysha,Undirected,4,2,89
Tyrion-Lannister,Tywin-Lannister,Undirected,6,2,87
Tyrion-Lannister,Varys,Undirected,63,2,30
Tyrion-Lannister,Vylarr,Undirected,6,2,87
Tywin-Lannister,Vargo-Hoat,Undirected,4,2,89
Tywin-Lannister,Weese,Undirected,7,2,86
Walder-Frey-(son-of-Jammos),Walder-Frey-(son-of-Merrett),Undirected,5,2,88
Walder-Frey-(son-of-Merrett),Wex-Pyke,Undirected,4,2,89
Weasel,Weese,Undirected,6,2,87
Woth,Yoren,Undirected,4,2,89
Palla,Ramsay-Snow,Undirected,3,,90