Source,Target,Type,weight,book,new_weight
Addam-Marbrand,Gyles-Rosby,Undirected,3,3,92
Addam-Marbrand,Jaime-Lannister,Undirected,3,3,92
Addam-Marbrand,Jalabhar-Xho,Undirected,3,3,92
Addam-Marbrand,Joffrey-Baratheon,Undirected,3,3,92
Addam-Marbrand,Kevan-Lannister,Undirected,3,3,92
Addam-Marbrand,Oberyn-Martell,Undirected,3,3,92
Addam-Marbrand,Tyrion-Lannister,Undirected,7,3,88
Addam-Marbrand,Varys,Undirected,4,3,91
Aegon-Frey-(son-of-Stevron),Catelyn-Stark,Undirected,4,3,91
Aegon-Frey-(son-of-Stevron),Robb-Stark,Undirected,5,3,90
Aegon-Frey-(son-of-Stevron),Stevron-Frey,Undirected,3,3,92
Aegon-Frey-(son-of-Stevron),Walder-Frey,Undirected,6,3,89
Aegon-I-Targaryen,Daenerys-Targaryen,Undirected,4,3,91
Aegon-I-Targaryen,Stannis-Baratheon,Undirected,4,3,91
Aegon-I-Targaryen,Torrhen-Stark,Undirected,3,3,92
Aegon-Targaryen-(son-of-Rhaegar),Elia-Martell,Undirected,3,3,92
Aemon-Targaryen-(Dragonknight),Jaime-Lannister,Undirected,3,3,92
Aemon-Targaryen-(Maester-Aemon),Alliser-Thorne,Undirected,3,3,92
Aemon-Targaryen-(Maester-Aemon),Clydas,Undirected,16,3,79
Aemon-Targaryen-(Maester-Aemon),Cotter-Pyke,Undirected,3,3,92
Aemon-Targaryen-(Maester-Aemon),Denys-Mallister,Undirected,4,3,91
Aemon-Targaryen-(Maester-Aemon),Donal-Noye,Undirected,11,3,84
Aemon-Targaryen-(Maester-Aemon),Eddison-Tollett,Undirected,3,3,92
Aemon-Targaryen-(Maester-Aemon),Grenn,Undirected,5,3,90
Aemon-Targaryen-(Maester-Aemon),Hobb,Undirected,3,3,92
Aemon-Targaryen-(Maester-Aemon),Janos-Slynt,Undirected,5,3,90
Aemon-Targaryen-(Maester-Aemon),Jeor-Mormont,Undirected,3,3,92
Aemon-Targaryen-(Maester-Aemon),Jon-Snow,Undirected,36,3,59
Aemon-Targaryen-(Maester-Aemon),Mance-Rayder,Undirected,5,3,90
Aemon-Targaryen-(Maester-Aemon),Owen,Undirected,3,3,92
Aemon-Targaryen-(Maester-Aemon),Pypar,Undirected,5,3,90
Aemon-Targaryen-(Maester-Aemon),Robert-Baratheon,Undirected,5,3,90
Aemon-Targaryen-(Maester-Aemon),Samwell-Tarly,Undirected,32,3,63
Aemon-Targaryen-(Maester-Aemon),Stannis-Baratheon,Undirected,9,3,86
Aemon-Targaryen-(Maester-Aemon),Wynton-Stout,Undirected,3,3,92
Aerys-II-Targaryen,Arthur-Dayne,Undirected,5,3,90
Aerys-II-Targaryen,Brienne-of-Tarth,Undirected,3,3,92
Aerys-II-Targaryen,Jaime-Lannister,Undirected,22,3,73
Aerys-II-Targaryen,Joffrey-Baratheon,Undirected,6,3,89
Aerys-II-Targaryen,Robert-Baratheon,Undirected,9,3,86
Aerys-II-Targaryen,Rossart,Undirected,4,3,91
Aerys-II-Targaryen,Tyrion-Lannister,Undirected,6,3,89
Aerys-II-Targaryen,Tywin-Lannister,Undirected,10,3,85
Aerys-II-Targaryen,Viserys-Targaryen,Undirected,3,3,92
Aggo,Jhogo,Undirected,4,3,91
Aggo,Rakharo,Undirected,3,3,92
Alayaya,Bronn,Undirected,3,3,92
Alayaya,Cersei-Lannister,Undirected,3,3,92
Alayaya,Tyrion-Lannister,Undirected,4,3,91
Alerie-Hightower,Mace-Tyrell,Undirected,3,3,92
Alerie-Hightower,Margaery-Tyrell,Undirected,3,3,92
Alester-Florent,Axell-Florent,Undirected,4,3,91
Alester-Florent,Davos-Seaworth,Undirected,11,3,84
Alester-Florent,Lamprey,Undirected,3,3,92
Alester-Florent,Selyse-Florent,Undirected,4,3,91
Alester-Florent,Stannis-Baratheon,Undirected,4,3,91
Alla-Tyrell,Elinor-Tyrell,Undirected,5,3,90
Alla-Tyrell,Megga-Tyrell,Undirected,6,3,89
Alla-Tyrell,Sansa-Stark,Undirected,4,3,91
Alliser-Thorne,Janos-Slynt,Undirected,13,3,82
Alliser-Thorne,Jon-Snow,Undirected,22,3,73
Alliser-Thorne,Mance-Rayder,Undirected,6,3,89
Alliser-Thorne,Qhorin-Halfhand,Undirected,4,3,91
Alliser-Thorne,Samwell-Tarly,Undirected,4,3,91
Alliser-Thorne,Stannis-Baratheon,Undirected,3,3,92
Amory-Lorch,Gregor-Clegane,Undirected,3,3,92
Amory-Lorch,Jaime-Lannister,Undirected,3,3,92
Amory-Lorch,Oberyn-Martell,Undirected,6,3,89
Amory-Lorch,Tywin-Lannister,Undirected,4,3,91
Amory-Lorch,Vargo-Hoat,Undirected,3,3,92
Anders-Yronwood,Oberyn-Martell,Undirected,3,3,92
Andrew-Estermont,Davos-Seaworth,Undirected,4,3,91
Andrew-Estermont,Edric-Storm,Undirected,4,3,91
Andrew-Estermont,Gerald-Gower,Undirected,3,3,92
Anguy,Arya-Stark,Undirected,15,3,80
Anguy,Beric-Dondarrion,Undirected,4,3,91
Anguy,Greenbeard,Undirected,9,3,86
Anguy,Harwin,Undirected,7,3,88
Anguy,Husband,Undirected,3,3,92
Anguy,Lem,Undirected,22,3,73
Anguy,Sandor-Clegane,Undirected,3,3,92
Anguy,Sharna,Undirected,6,3,89
Anguy,Tom-of-Sevenstreams,Undirected,12,3,83
Arson,Jon-Snow,Undirected,3,3,92
Arstan,Belwas,Undirected,25,3,70
Arstan,Daenerys-Targaryen,Undirected,29,3,66
Arstan,Illyrio-Mopatis,Undirected,3,3,92
Arstan,Jhiqui,Undirected,3,3,92
Arstan,Jorah-Mormont,Undirected,13,3,82
Arstan,Kraznys-mo-Nakloz,Undirected,3,3,92
Arstan,Mero,Undirected,7,3,88
Arstan,Rhaegar-Targaryen,Undirected,7,3,88
Arthur-Dayne,Gerold-Hightower,Undirected,5,3,90
Arthur-Dayne,Lewyn-Martell,Undirected,3,3,92
Arthur-Dayne,Rhaegar-Targaryen,Undirected,3,3,92
Arthur-Dayne,Smiling-Knight,Undirected,4,3,91
Arya-Stark,Beric-Dondarrion,Undirected,23,3,72
Arya-Stark,Bran-Stark,Undirected,9,3,86
Arya-Stark,Brynden-Tully,Undirected,4,3,91
Arya-Stark,Catelyn-Stark,Undirected,3,3,92
Arya-Stark,Cersei-Lannister,Undirected,6,3,89
Arya-Stark,Dunsen,Undirected,3,3,92
Arya-Stark,Eddard-Stark,Undirected,6,3,89
Arya-Stark,Elmar-Frey,Undirected,4,3,91
Arya-Stark,Gendry,Undirected,46,3,49
Arya-Stark,Greenbeard,Undirected,9,3,86
Arya-Stark,Gregor-Clegane,Undirected,6,3,89
Arya-Stark,Harwin,Undirected,17,3,78
Arya-Stark,Hot-Pie,Undirected,25,3,70
Arya-Stark,Ilyn-Payne,Undirected,3,3,92
Arya-Stark,Jaime-Lannister,Undirected,10,3,85
Arya-Stark,Joffrey-Baratheon,Undirected,10,3,85
Arya-Stark,Jon-Snow,Undirected,9,3,86
Arya-Stark,Lem,Undirected,24,3,71
Arya-Stark,Mad-Huntsman,Undirected,4,3,91
Arya-Stark,Meryn-Trant,Undirected,3,3,92
Arya-Stark,Mycah,Undirected,6,3,89
Arya-Stark,Nan,Undirected,7,3,88
Arya-Stark,Pate-(Old),Undirected,4,3,91
Arya-Stark,Polliver,Undirected,11,3,84
Arya-Stark,Rafford,Undirected,5,3,90
Arya-Stark,Ravella-Swann,Undirected,7,3,88
Arya-Stark,Rickon-Stark,Undirected,8,3,87
Arya-Stark,Robb-Stark,Undirected,14,3,81
Arya-Stark,Robert-Baratheon,Undirected,5,3,90
Arya-Stark,Roose-Bolton,Undirected,8,3,87
Arya-Stark,Sandor-Clegane,Undirected,48,3,47
Arya-Stark,Sansa-Stark,Undirected,23,3,72
Arya-Stark,Thoros-of-Myr,Undirected,21,3,74
Arya-Stark,Tickler,Undirected,5,3,90
Arya-Stark,Tom-of-Sevenstreams,Undirected,24,3,71
Arya-Stark,Tyrion-Lannister,Undirected,7,3,88
Axell-Florent,Davos-Seaworth,Undirected,21,3,74
Axell-Florent,Lamprey,Undirected,5,3,90
Axell-Florent,Melisandre,Undirected,4,3,91
Axell-Florent,Porridge,Undirected,5,3,90
Axell-Florent,Salladhor-Saan,Undirected,3,3,92
Axell-Florent,Selyse-Florent,Undirected,8,3,87
Axell-Florent,Stannis-Baratheon,Undirected,16,3,79
Azor-Ahai,Stannis-Baratheon,Undirected,3,3,92
Baelor-I-Targaryen,Cersei-Lannister,Undirected,3,3,92
Baelor-I-Targaryen,Sansa-Stark,Undirected,3,3,92
Baelor-I-Targaryen,Tyrion-Lannister,Undirected,3,3,92
Ballabar,Frenken,Undirected,4,3,91
Ballabar,Tyrion-Lannister,Undirected,4,3,91
Balon-Greyjoy,Robb-Stark,Undirected,6,3,89
Balon-Greyjoy,Stannis-Baratheon,Undirected,4,3,91
Balon-Greyjoy,Tywin-Lannister,Undirected,4,3,91
Balon-Swann,Boros-Blount,Undirected,3,3,92
Balon-Swann,Jaime-Lannister,Undirected,5,3,90
Balon-Swann,Joffrey-Baratheon,Undirected,5,3,90
Balon-Swann,Loras-Tyrell,Undirected,6,3,89
Balon-Swann,Osmund-Kettleblack,Undirected,3,3,92
Balon-Swann,Tyrion-Lannister,Undirected,4,3,91
Bannen,Dywen,Undirected,5,3,90
Bannen,Samwell-Tarly,Undirected,11,3,84
Barristan-Selmy,Daenerys-Targaryen,Undirected,5,3,90
Barristan-Selmy,Gerold-Hightower,Undirected,5,3,90
Barristan-Selmy,Jaime-Lannister,Undirected,4,3,91
Barristan-Selmy,Jorah-Mormont,Undirected,5,3,90
Barristan-Selmy,Robert-Baratheon,Undirected,8,3,87
Bedwyck,Craster,Undirected,4,3,91
Bedwyck,Dywen,Undirected,3,3,92
Bedwyck,Eddison-Tollett,Undirected,4,3,91
Bedwyck,Grenn,Undirected,4,3,91
Bedwyck,Samwell-Tarly,Undirected,3,3,92
Belwas,Ben-Plumm,Undirected,4,3,91
Belwas,Daenerys-Targaryen,Undirected,28,3,67
Belwas,Illyrio-Mopatis,Undirected,8,3,87
Belwas,Jhiqui,Undirected,3,3,92
Belwas,Jorah-Mormont,Undirected,18,3,77
Belwas,Oznak-zo-Pahl,Undirected,8,3,87
Ben-Plumm,Daario-Naharis,Undirected,4,3,91
Ben-Plumm,Daenerys-Targaryen,Undirected,10,3,85
Benjen-Stark,Bran-Stark,Undirected,3,3,92
Benjen-Stark,Jeor-Mormont,Undirected,3,3,92
Benjen-Stark,Jon-Snow,Undirected,3,3,92
Benjen-Stark,Robert-Baratheon,Undirected,3,3,92
Beric-Dondarrion,Gendry,Undirected,4,3,91
Beric-Dondarrion,Gregor-Clegane,Undirected,3,3,92
Beric-Dondarrion,Harwin,Undirected,7,3,88
Beric-Dondarrion,Jack-Bulwer,Undirected,4,3,91
Beric-Dondarrion,Joffrey-Baratheon,Undirected,3,3,92
Beric-Dondarrion,Lem,Undirected,14,3,81
Beric-Dondarrion,Sandor-Clegane,Undirected,15,3,80
Beric-Dondarrion,Thoros-of-Myr,Undirected,26,3,69
Beric-Dondarrion,Tom-of-Sevenstreams,Undirected,4,3,91
Big-Boil,Jon-Snow,Undirected,3,3,92
Big-Boil,Ygritte,Undirected,3,3,92
Biter,Rorge,Undirected,3,3,92
Blane,Jeor-Mormont,Undirected,3,3,92
Boros-Blount,Cersei-Lannister,Undirected,4,3,91
Boros-Blount,Jaime-Lannister,Undirected,6,3,89
Boros-Blount,Loras-Tyrell,Undirected,5,3,90
Boros-Blount,Meryn-Trant,Undirected,6,3,89
Boros-Blount,Tommen-Baratheon,Undirected,7,3,88
Boros-Blount,Tyrion-Lannister,Undirected,6,3,89
Bowen-Marsh,Cotter-Pyke,Undirected,3,3,92
Bowen-Marsh,Denys-Mallister,Undirected,5,3,90
Bowen-Marsh,Donal-Noye,Undirected,4,3,91
Bowen-Marsh,Eddison-Tollett,Undirected,3,3,92
Bowen-Marsh,Hobb,Undirected,3,3,92
Bowen-Marsh,Janos-Slynt,Undirected,10,3,85
Bowen-Marsh,Jeor-Mormont,Undirected,8,3,87
Bowen-Marsh,Jon-Snow,Undirected,5,3,90
Bowen-Marsh,Othell-Yarwyck,Undirected,9,3,86
Bowen-Marsh,Samwell-Tarly,Undirected,7,3,88
Bran-Stark,Catelyn-Stark,Undirected,3,3,92
Bran-Stark,Coldhands,Undirected,4,3,91
Bran-Stark,Eddard-Stark,Undirected,7,3,88
Bran-Stark,Hodor,Undirected,71,3,24
Bran-Stark,Joffrey-Baratheon,Undirected,3,3,92
Bran-Stark,Jojen-Reed,Undirected,48,3,47
Bran-Stark,Jon-Snow,Undirected,13,3,82
Bran-Stark,Jon-Umber-(Greatjon),Undirected,3,3,92
Bran-Stark,Meera-Reed,Undirected,54,3,41
Bran-Stark,Nan,Undirected,14,3,81
Bran-Stark,Rickon-Stark,Undirected,31,3,64
Bran-Stark,Robb-Stark,Undirected,18,3,77
Bran-Stark,Samwell-Tarly,Undirected,11,3,84
Bran-Stark,Sansa-Stark,Undirected,10,3,85
Bran-Stark,Theon-Greyjoy,Undirected,9,3,86
Brandon-Stark,Eddard-Stark,Undirected,8,3,87
Brandon-Stark,Rickon-Stark,Undirected,3,3,92
Brandon-Stark,Robb-Stark,Undirected,3,3,92
Brella,Sansa-Stark,Undirected,4,3,91
Brella,Shae,Undirected,4,3,91
Brenett,Catelyn-Stark,Undirected,3,3,92
Brienne-of-Tarth,Catelyn-Stark,Undirected,7,3,88
Brienne-of-Tarth,Cersei-Lannister,Undirected,5,3,90
Brienne-of-Tarth,Cleos-Frey,Undirected,12,3,83
Brienne-of-Tarth,Elmar-Frey,Undirected,6,3,89
Brienne-of-Tarth,Jaime-Lannister,Undirected,87,3,8
Brienne-of-Tarth,Loras-Tyrell,Undirected,6,3,89
Brienne-of-Tarth,Qyburn,Undirected,3,3,92
Brienne-of-Tarth,Robb-Stark,Undirected,5,3,90
Brienne-of-Tarth,Roose-Bolton,Undirected,11,3,84
Brienne-of-Tarth,Sansa-Stark,Undirected,5,3,90
Brienne-of-Tarth,Tyrion-Lannister,Undirected,4,3,91
Brienne-of-Tarth,Vargo-Hoat,Undirected,4,3,91
Brienne-of-Tarth,Walton,Undirected,3,3,92
Bronn,Cersei-Lannister,Undirected,8,3,87
Bronn,Gregor-Clegane,Undirected,4,3,91
Bronn,Joffrey-Baratheon,Undirected,3,3,92
Bronn,Lollys-Stokeworth,Undirected,3,3,92
Bronn,Mandon-Moore,Undirected,3,3,92
Bronn,Oberyn-Martell,Undirected,4,3,91
Bronn,Podrick-Payne,Undirected,17,3,78
Bronn,Tommen-Baratheon,Undirected,4,3,91
Bronn,Tyrion-Lannister,Undirected,32,3,63
Bronn,Tywin-Lannister,Undirected,3,3,92
Bronn,Varys,Undirected,4,3,91
Brynden-Tully,Catelyn-Stark,Undirected,5,3,90
Brynden-Tully,Edmure-Tully,Undirected,6,3,89
Brynden-Tully,Rickard-Karstark,Undirected,4,3,91
Brynden-Tully,Robb-Stark,Undirected,12,3,83
Brynden-Tully,Tywin-Lannister,Undirected,4,3,91
Brynden-Tully,Walder-Frey,Undirected,4,3,91
Butterbumps,Olenna-Redwyne,Undirected,4,3,91
Butterbumps,Sansa-Stark,Undirected,6,3,89
Byam-Flint,Craster,Undirected,3,3,92
Catelyn-Stark,Cersei-Lannister,Undirected,4,3,91
Catelyn-Stark,Cleos-Frey,Undirected,4,3,91
Catelyn-Stark,Dacey-Mormont,Undirected,5,3,90
Catelyn-Stark,Desmond-Grell,Undirected,6,3,89
Catelyn-Stark,Eddard-Stark,Undirected,7,3,88
Catelyn-Stark,Edmure-Tully,Undirected,18,3,77
Catelyn-Stark,Elmar-Frey,Undirected,5,3,90
Catelyn-Stark,Hoster-Tully,Undirected,16,3,79
Catelyn-Stark,Jaime-Lannister,Undirected,19,3,76
Catelyn-Stark,Jason-Mallister,Undirected,5,3,90
Catelyn-Stark,Jeyne-Westerling,Undirected,13,3,82
Catelyn-Stark,Joffrey-Baratheon,Undirected,3,3,92
Catelyn-Stark,Jon-Umber-(Greatjon),Undirected,10,3,85
Catelyn-Stark,Lothar-Frey,Undirected,3,3,92
Catelyn-Stark,Lysa-Arryn,Undirected,15,3,80
Catelyn-Stark,Maege-Mormont,Undirected,6,3,89
Catelyn-Stark,Marq-Piper,Undirected,3,3,92
Catelyn-Stark,Petyr-Baelish,Undirected,6,3,89
Catelyn-Stark,Raynald-Westerling,Undirected,5,3,90
Catelyn-Stark,Rickard-Karstark,Undirected,6,3,89
Catelyn-Stark,Robb-Stark,Undirected,48,3,47
Catelyn-Stark,Robin-Ryger,Undirected,3,3,92
Catelyn-Stark,Rodrik-Cassel,Undirected,3,3,92
Catelyn-Stark,Roose-Bolton,Undirected,10,3,85
Catelyn-Stark,Roslin-Frey,Undirected,7,3,88
Catelyn-Stark,Ryman-Frey,Undirected,6,3,89
Catelyn-Stark,Sansa-Stark,Undirected,11,3,84
Catelyn-Stark,Stannis-Baratheon,Undirected,4,3,91
Catelyn-Stark,Tansy,Undirected,8,3,87
Catelyn-Stark,Tyrion-Lannister,Undirected,7,3,88
Catelyn-Stark,Vyman,Undirected,9,3,86
Catelyn-Stark,Walder-Frey,Undirected,25,3,70
Cersei-Lannister,Dunsen,Undirected,6,3,89
Cersei-Lannister,Eddard-Stark,Undirected,6,3,89
Cersei-Lannister,Elia-Martell,Undirected,4,3,91
Cersei-Lannister,Ellaria-Sand,Undirected,4,3,91
Cersei-Lannister,Gregor-Clegane,Undirected,7,3,88
Cersei-Lannister,Ilyn-Payne,Undirected,8,3,87
Cersei-Lannister,Jaime-Lannister,Undirected,35,3,60
Cersei-Lannister,Joffrey-Baratheon,Undirected,44,3,51
Cersei-Lannister,Kevan-Lannister,Undirected,5,3,90
Cersei-Lannister,Lancel-Lannister,Undirected,3,3,92
Cersei-Lannister,Lysa-Arryn,Undirected,4,3,91
Cersei-Lannister,Mace-Tyrell,Undirected,6,3,89
Cersei-Lannister,Mandon-Moore,Undirected,4,3,91
Cersei-Lannister,Margaery-Tyrell,Undirected,6,3,89
Cersei-Lannister,Meryn-Trant,Undirected,13,3,82
Cersei-Lannister,Oberyn-Martell,Undirected,9,3,86
Cersei-Lannister,Olenna-Redwyne,Undirected,5,3,90
Cersei-Lannister,Osmund-Kettleblack,Undirected,8,3,87
Cersei-Lannister,Polliver,Undirected,6,3,89
Cersei-Lannister,Pycelle,Undirected,4,3,91
Cersei-Lannister,Rafford,Undirected,6,3,89
Cersei-Lannister,Robert-Baratheon,Undirected,14,3,81
Cersei-Lannister,Sandor-Clegane,Undirected,5,3,90
Cersei-Lannister,Sansa-Stark,Undirected,21,3,74
Cersei-Lannister,Shae,Undirected,4,3,91
Cersei-Lannister,Tickler,Undirected,6,3,89
Cersei-Lannister,Tommen-Baratheon,Undirected,4,3,91
Cersei-Lannister,Tyrion-Lannister,Undirected,54,3,41
Cersei-Lannister,Tywin-Lannister,Undirected,20,3,75
Cersei-Lannister,Varys,Undirected,4,3,91
Cersei-Lannister,Willas-Tyrell,Undirected,5,3,90
Chataya,Tyrion-Lannister,Undirected,4,3,91
Chett,Jeor-Mormont,Undirected,6,3,89
Chett,Lark,Undirected,9,3,86
Chett,Qhorin-Halfhand,Undirected,3,3,92
Chett,Samwell-Tarly,Undirected,4,3,91
Chett,Small-Paul,Undirected,8,3,87
Cleon,Daenerys-Targaryen,Undirected,4,3,91
Cleon,Ghael,Undirected,5,3,90
Cleos-Frey,Jaime-Lannister,Undirected,25,3,70
Clubfoot-Karl,Craster,Undirected,6,3,89
Clubfoot-Karl,Samwell-Tarly,Undirected,3,3,92
Clydas,Hobb,Undirected,6,3,89
Clydas,Jon-Snow,Undirected,10,3,85
Clydas,Samwell-Tarly,Undirected,6,3,89
Coldhands,Gilly,Undirected,3,3,92
Cotter-Pyke,Denys-Mallister,Undirected,14,3,81
Cotter-Pyke,Eddison-Tollett,Undirected,3,3,92
Cotter-Pyke,Jon-Snow,Undirected,3,3,92
Cotter-Pyke,Othell-Yarwyck,Undirected,6,3,89
Cotter-Pyke,Pypar,Undirected,3,3,92
Cotter-Pyke,Samwell-Tarly,Undirected,10,3,85
Cotter-Pyke,Stannis-Baratheon,Undirected,5,3,90
Craster,Dirk,Undirected,6,3,89
Craster,Eddison-Tollett,Undirected,3,3,92
Craster,Gilly,Undirected,16,3,79
Craster,Grenn,Undirected,3,3,92
Craster,Jeor-Mormont,Undirected,8,3,87
Craster,Jojen-Reed,Undirected,3,3,92
Craster,Jon-Snow,Undirected,7,3,88
Craster,Mance-Rayder,Undirected,6,3,89
Craster,Samwell-Tarly,Undirected,32,3,63
Craster,Tormund,Undirected,3,3,92
Cressen,Davos-Seaworth,Undirected,4,3,91
Daario-Naharis,Daenerys-Targaryen,Undirected,15,3,80
Daario-Naharis,Drogo,Undirected,3,3,92
Daario-Naharis,Irri,Undirected,3,3,92
Daario-Naharis,Jorah-Mormont,Undirected,10,3,85
Daario-Naharis,Prendahl-na-Ghezn,Undirected,3,3,92
Daario-Naharis,Sallor,Undirected,3,3,92
Dacey-Mormont,Maege-Mormont,Undirected,3,3,92
Dacey-Mormont,Robb-Stark,Undirected,3,3,92
Daenerys-Targaryen,Drogo,Undirected,7,3,88
Daenerys-Targaryen,Ghael,Undirected,3,3,92
Daenerys-Targaryen,Grey-Worm,Undirected,14,3,81
Daenerys-Targaryen,Groleo,Undirected,6,3,89
Daenerys-Targaryen,Irri,Undirected,17,3,78
Daenerys-Targaryen,Jhiqui,Undirected,17,3,78
Daenerys-Targaryen,Jhogo,Undirected,4,3,91
Daenerys-Targaryen,Jorah-Mormont,Undirected,53,3,42
Daenerys-Targaryen,Kraznys-mo-Nakloz,Undirected,16,3,79
Daenerys-Targaryen,Mero,Undirected,5,3,90
Daenerys-Targaryen,Missandei,Undirected,26,3,69
Daenerys-Targaryen,Oznak-zo-Pahl,Undirected,4,3,91
Daenerys-Targaryen,Rakharo,Undirected,7,3,88
Daenerys-Targaryen,Rhaegar-Targaryen,Undirected,13,3,82
Daenerys-Targaryen,Rhaegel-Targaryen,Undirected,5,3,90
Daenerys-Targaryen,Robert-Baratheon,Undirected,8,3,87
Daenerys-Targaryen,Viserys-Targaryen,Undirected,8,3,87
Daeron-I-Targaryen,Shireen-Baratheon,Undirected,3,3,92
Dalla,Jon-Snow,Undirected,6,3,89
Dalla,Mance-Rayder,Undirected,10,3,85
Dalla,Val,Undirected,7,3,88
Davos-Seaworth,Devan-Seaworth,Undirected,5,3,90
Davos-Seaworth,Edric-Storm,Undirected,19,3,76
Davos-Seaworth,Guncer-Sunglass,Undirected,3,3,92
Davos-Seaworth,Joffrey-Baratheon,Undirected,10,3,85
Davos-Seaworth,Khorane-Sathmantes,Undirected,4,3,91
Davos-Seaworth,Lamprey,Undirected,8,3,87
Davos-Seaworth,Melisandre,Undirected,40,3,55
Davos-Seaworth,Porridge,Undirected,6,3,89
Davos-Seaworth,Pylos,Undirected,15,3,80
Davos-Seaworth,Salladhor-Saan,Undirected,22,3,73
Davos-Seaworth,Selyse-Florent,Undirected,6,3,89
Davos-Seaworth,Shireen-Baratheon,Undirected,9,3,86
Davos-Seaworth,Stannis-Baratheon,Undirected,52,3,43
Denys-Mallister,Eddison-Tollett,Undirected,3,3,92
Denys-Mallister,Janos-Slynt,Undirected,3,3,92
Denys-Mallister,Othell-Yarwyck,Undirected,4,3,91
Denys-Mallister,Pypar,Undirected,4,3,91
Denys-Mallister,Samwell-Tarly,Undirected,14,3,81
Desmond-Grell,Edmure-Tully,Undirected,4,3,91
Desmond-Grell,Robb-Stark,Undirected,4,3,91
Desmond-Grell,Utherydes-Wayn,Undirected,6,3,89
Devan-Seaworth,Pylos,Undirected,3,3,92
Devan-Seaworth,Stannis-Baratheon,Undirected,4,3,91
Dick-Follard,Jon-Snow,Undirected,3,3,92
Dick-Follard,Satin,Undirected,5,3,90
Dirk,Samwell-Tarly,Undirected,4,3,91
Donal-Noye,Jeor-Mormont,Undirected,4,3,91
Donal-Noye,Jon-Snow,Undirected,33,3,62
Donal-Noye,Mag-Mar-Tun-Doh-Weg,Undirected,6,3,89
Donal-Noye,Mance-Rayder,Undirected,3,3,92
Donal-Noye,Qhorin-Halfhand,Undirected,3,3,92
Donal-Noye,Stannis-Baratheon,Undirected,4,3,91
Dontos-Hollard,Joffrey-Baratheon,Undirected,10,3,85
Dontos-Hollard,Lothor-Brune,Undirected,3,3,92
Dontos-Hollard,Moon-Boy,Undirected,3,3,92
Dontos-Hollard,Petyr-Baelish,Undirected,4,3,91
Dontos-Hollard,Sansa-Stark,Undirected,13,3,82
Dontos-Hollard,Tyrion-Lannister,Undirected,7,3,88
Dontos-Hollard,Willas-Tyrell,Undirected,3,3,92
Doran-Martell,Gregor-Clegane,Undirected,3,3,92
Doran-Martell,Oberyn-Martell,Undirected,4,3,91
Doran-Martell,Tyrion-Lannister,Undirected,10,3,85
Drogo,Irri,Undirected,3,3,92
Drogo,Jorah-Mormont,Undirected,8,3,87
Dunsen,Gregor-Clegane,Undirected,11,3,84
Dunsen,Ilyn-Payne,Undirected,6,3,89
Dunsen,Joffrey-Baratheon,Undirected,6,3,89
Dunsen,Meryn-Trant,Undirected,6,3,89
Dunsen,Polliver,Undirected,9,3,86
Dunsen,Rafford,Undirected,10,3,85
Dunsen,Sandor-Clegane,Undirected,7,3,88
Dunsen,Tickler,Undirected,9,3,86
Dywen,Eddison-Tollett,Undirected,5,3,90
Dywen,Grenn,Undirected,4,3,91
Dywen,Jeor-Mormont,Undirected,4,3,91
Dywen,Samwell-Tarly,Undirected,6,3,89
Eddard-Stark,Gregor-Clegane,Undirected,3,3,92
Eddard-Stark,Jaime-Lannister,Undirected,6,3,89
Eddard-Stark,Joffrey-Baratheon,Undirected,3,3,92
Eddard-Stark,Jon-Snow,Undirected,4,3,91
Eddard-Stark,Rickon-Stark,Undirected,8,3,87
Eddard-Stark,Robb-Stark,Undirected,13,3,82
Eddard-Stark,Robert-Baratheon,Undirected,7,3,88
Eddard-Stark,Sandor-Clegane,Undirected,4,3,91
Eddard-Stark,Sansa-Stark,Undirected,6,3,89
Eddard-Stark,Torrhen-Stark,Undirected,3,3,92
Eddard-Stark,Tyrion-Lannister,Undirected,3,3,92
Eddison-Tollett,Grenn,Undirected,13,3,82
Eddison-Tollett,Jeor-Mormont,Undirected,5,3,90
Eddison-Tollett,Othell-Yarwyck,Undirected,3,3,92
Eddison-Tollett,Pypar,Undirected,5,3,90
Eddison-Tollett,Samwell-Tarly,Undirected,15,3,80
Eddison-Tollett,Watt,Undirected,3,3,92
Edmure-Tully,Elmar-Frey,Undirected,3,3,92
Edmure-Tully,Hoster-Tully,Undirected,11,3,84
Edmure-Tully,Jaime-Lannister,Undirected,4,3,91
Edmure-Tully,Lothar-Frey,Undirected,4,3,91
Edmure-Tully,Marq-Piper,Undirected,5,3,90
Edmure-Tully,Robb-Stark,Undirected,34,3,61
Edmure-Tully,Roslin-Frey,Undirected,15,3,80
Edmure-Tully,Tansy,Undirected,3,3,92
Edmure-Tully,Tywin-Lannister,Undirected,3,3,92
Edmure-Tully,Walder-Frey,Undirected,9,3,86
Edric-Storm,Pylos,Undirected,9,3,86
Edric-Storm,Robert-Baratheon,Undirected,3,3,92
Edric-Storm,Shireen-Baratheon,Undirected,3,3,92
Edric-Storm,Stannis-Baratheon,Undirected,6,3,89
Elia-Martell,Gregor-Clegane,Undirected,7,3,88
Elia-Martell,Jaime-Lannister,Undirected,4,3,91
Elia-Martell,Oberyn-Martell,Undirected,9,3,86
Elia-Martell,Rhaegar-Targaryen,Undirected,7,3,88
Elia-Martell,Tyrion-Lannister,Undirected,6,3,89
Elinor-Tyrell,Megga-Tyrell,Undirected,8,3,87
Elinor-Tyrell,Sansa-Stark,Undirected,5,3,90
Ellaria-Sand,Oberyn-Martell,Undirected,7,3,88
Ellaria-Sand,Tyrion-Lannister,Undirected,4,3,91
Elmar-Frey,Jaime-Lannister,Undirected,6,3,89
Elmar-Frey,Robb-Stark,Undirected,9,3,86
Elmar-Frey,Roose-Bolton,Undirected,3,3,92
Elmar-Frey,Tywin-Lannister,Undirected,3,3,92
Elmar-Frey,Walder-Frey,Undirected,6,3,89
Errok,Grigg,Undirected,7,3,88
Errok,Jon-Snow,Undirected,4,3,91
Errok,Styr,Undirected,3,3,92
Galbart-Glover,Robett-Glover,Undirected,3,3,92
Galyeon-of-Cuy,Tyrion-Lannister,Undirected,3,3,92
Garlan-Tyrell,Joffrey-Baratheon,Undirected,6,3,89
Garlan-Tyrell,Leonette-Fossoway,Undirected,3,3,92
Garlan-Tyrell,Loras-Tyrell,Undirected,6,3,89
Garlan-Tyrell,Sansa-Stark,Undirected,5,3,90
Garlan-Tyrell,Tyrion-Lannister,Undirected,11,3,84
Garlan-Tyrell,Willas-Tyrell,Undirected,3,3,92
Gawen-Westerling,Jeyne-Westerling,Undirected,3,3,92
Gawen-Westerling,Sybell-Spicer,Undirected,3,3,92
Gendel,Gorne,Undirected,3,3,92
Gendel,Jon-Snow,Undirected,3,3,92
Gendry,Greenbeard,Undirected,3,3,92
Gendry,Harwin,Undirected,8,3,87
Gendry,Hot-Pie,Undirected,30,3,65
Gendry,Lem,Undirected,9,3,86
Gendry,Merrit,Undirected,3,3,92
Gendry,Robert-Baratheon,Undirected,3,3,92
Gendry,Sandor-Clegane,Undirected,5,3,90
Gendry,Thoros-of-Myr,Undirected,8,3,87
Gendry,Tom-of-Sevenstreams,Undirected,10,3,85
Gerold-Hightower,Jaime-Lannister,Undirected,4,3,91
Gerold-Hightower,Lewyn-Martell,Undirected,3,3,92
Gilly,Jojen-Reed,Undirected,3,3,92
Gilly,Jon-Snow,Undirected,8,3,87
Gilly,Mance-Rayder,Undirected,6,3,89
Gilly,Meera-Reed,Undirected,3,3,92
Gilly,Samwell-Tarly,Undirected,35,3,60
Gilly,Small-Paul,Undirected,3,3,92
Gorne,Jon-Snow,Undirected,3,3,92
Grazdan-mo-Eraz,Mero,Undirected,3,3,92
Greenbeard,Harwin,Undirected,4,3,91
Greenbeard,Lem,Undirected,12,3,83
Greenbeard,Thoros-of-Myr,Undirected,3,3,92
Greenbeard,Tom-of-Sevenstreams,Undirected,4,3,91
Gregor-Clegane,Helman-Tallhart,Undirected,3,3,92
Gregor-Clegane,Ilyn-Payne,Undirected,7,3,88
Gregor-Clegane,Jaime-Lannister,Undirected,7,3,88
Gregor-Clegane,Joffrey-Baratheon,Undirected,9,3,86
Gregor-Clegane,Meryn-Trant,Undirected,6,3,89
Gregor-Clegane,Oberyn-Martell,Undirected,39,3,56
Gregor-Clegane,Polliver,Undirected,11,3,84
Gregor-Clegane,Rafford,Undirected,12,3,83
Gregor-Clegane,Robb-Stark,Undirected,4,3,91
Gregor-Clegane,Sandor-Clegane,Undirected,10,3,85
Gregor-Clegane,Tickler,Undirected,12,3,83
Gregor-Clegane,Tyrion-Lannister,Undirected,23,3,72
Gregor-Clegane,Tywin-Lannister,Undirected,5,3,90
Grenn,Jeor-Mormont,Undirected,7,3,88
Grenn,Jon-Snow,Undirected,30,3,65
Grenn,Kegs,Undirected,5,3,90
Grenn,Owen,Undirected,4,3,91
Grenn,Pypar,Undirected,28,3,67
Grenn,Samwell-Tarly,Undirected,43,3,52
Grenn,Small-Paul,Undirected,3,3,92
Grey-Worm,Jorah-Mormont,Undirected,4,3,91
Grigg,Jarl,Undirected,3,3,92
Grigg,Jon-Snow,Undirected,5,3,90
Grisel,Petyr-Baelish,Undirected,3,3,92
Guncer-Sunglass,Melisandre,Undirected,4,3,91
Gyles-Rosby,Jalabhar-Xho,Undirected,4,3,91
Halder,Jon-Snow,Undirected,3,3,92
Halder,Todder,Undirected,3,3,92
Hareth-(Moles-Town),Jon-Snow,Undirected,8,3,87
Hareth-(Moles-Town),Kegs,Undirected,3,3,92
Hareth-(Moles-Town),Mully,Undirected,3,3,92
Hareth-(Moles-Town),Satin,Undirected,5,3,90
Hareth-(Moles-Town),Spare-Boot,Undirected,3,3,92
Harma,Jarl,Undirected,3,3,92
Harma,Jon-Snow,Undirected,7,3,88
Harma,Mance-Rayder,Undirected,10,3,85
Harma,Rattleshirt,Undirected,5,3,90
Harma,Styr,Undirected,4,3,91
Harma,Tormund,Undirected,4,3,91
Harma,Varamyr,Undirected,3,3,92
Harma,Weeper,Undirected,3,3,92
Harwin,Lem,Undirected,7,3,88
Harwin,Sandor-Clegane,Undirected,3,3,92
Helman-Tallhart,Randyll-Tarly,Undirected,3,3,92
Helman-Tallhart,Robett-Glover,Undirected,4,3,91
High-Septon-(Tyrions),Joffrey-Baratheon,Undirected,6,3,89
High-Septon-(Tyrions),Pycelle,Undirected,3,3,92
High-Septon-(Tyrions),Tyrion-Lannister,Undirected,3,3,92
Hobb,Janos-Slynt,Undirected,4,3,91
Hobb,Othell-Yarwyck,Undirected,3,3,92
Hobb,Owen,Undirected,3,3,92
Hobb,Samwell-Tarly,Undirected,3,3,92
Hodor,Jojen-Reed,Undirected,24,3,71
Hodor,Meera-Reed,Undirected,28,3,67
Hoster-Tully,Jaime-Lannister,Undirected,4,3,91
Hoster-Tully,Lothar-Frey,Undirected,5,3,90
Hoster-Tully,Lysa-Arryn,Undirected,6,3,89
Hoster-Tully,Robb-Stark,Undirected,4,3,91
Hoster-Tully,Tansy,Undirected,5,3,90
Hoster-Tully,Vyman,Undirected,4,3,91
Hot-Pie,Lem,Undirected,7,3,88
Hot-Pie,Sharna,Undirected,3,3,92
Hot-Pie,Tom-of-Sevenstreams,Undirected,4,3,91
Husband,Lem,Undirected,4,3,91
Ilyn-Payne,Joffrey-Baratheon,Undirected,9,3,86
Ilyn-Payne,Meryn-Trant,Undirected,6,3,89
Ilyn-Payne,Polliver,Undirected,5,3,90
Ilyn-Payne,Rafford,Undirected,6,3,89
Ilyn-Payne,Sandor-Clegane,Undirected,5,3,90
Ilyn-Payne,Tickler,Undirected,6,3,89
Ilyn-Payne,Tyrion-Lannister,Undirected,6,3,89
Irri,Jhiqui,Undirected,15,3,80
Irri,Jorah-Mormont,Undirected,3,3,92
Irri,Missandei,Undirected,4,3,91
Jack-Be-Lucky,Lem,Undirected,5,3,90
Jack-Bulwer,Thoros-of-Myr,Undirected,5,3,90
Jaime-Lannister,Joffrey-Baratheon,Undirected,21,3,74
Jaime-Lannister,Lem,Undirected,6,3,89
Jaime-Lannister,Loras-Tyrell,Undirected,24,3,71
Jaime-Lannister,Lysa-Arryn,Undirected,3,3,92
Jaime-Lannister,Meryn-Trant,Undirected,9,3,86
Jaime-Lannister,Oberyn-Martell,Undirected,3,3,92
Jaime-Lannister,Osmund-Kettleblack,Undirected,5,3,90
Jaime-Lannister,Qyburn,Undirected,21,3,74
Jaime-Lannister,Renly-Baratheon,Undirected,9,3,86
Jaime-Lannister,Rickard-Karstark,Undirected,4,3,91
Jaime-Lannister,Robb-Stark,Undirected,17,3,78
Jaime-Lannister,Robert-Baratheon,Undirected,18,3,77
Jaime-Lannister,Robin-Ryger,Undirected,9,3,86
Jaime-Lannister,Roose-Bolton,Undirected,17,3,78
Jaime-Lannister,Rorge,Undirected,9,3,86
Jaime-Lannister,Sansa-Stark,Undirected,9,3,86
Jaime-Lannister,Shagwell,Undirected,4,3,91
Jaime-Lannister,Stannis-Baratheon,Undirected,6,3,89
Jaime-Lannister,Thoros-of-Myr,Undirected,3,3,92
Jaime-Lannister,Tommen-Baratheon,Undirected,10,3,85
Jaime-Lannister,Tyrion-Lannister,Undirected,33,3,62
Jaime-Lannister,Tywin-Lannister,Undirected,16,3,79
Jaime-Lannister,Urswyck,Undirected,11,3,84
Jaime-Lannister,Vargo-Hoat,Undirected,16,3,79
Jaime-Lannister,Varys,Undirected,5,3,90
Jaime-Lannister,Walton,Undirected,18,3,77
Janos-Slynt,Jon-Snow,Undirected,10,3,85
Janos-Slynt,Mance-Rayder,Undirected,6,3,89
Janos-Slynt,Othell-Yarwyck,Undirected,9,3,86
Janos-Slynt,Samwell-Tarly,Undirected,7,3,88
Janos-Slynt,Stannis-Baratheon,Undirected,4,3,91
Janos-Slynt,Tyrion-Lannister,Undirected,5,3,90
Jarl,Jon-Snow,Undirected,21,3,74
Jarl,Mance-Rayder,Undirected,8,3,87
Jarl,Rattleshirt,Undirected,6,3,89
Jarl,Styr,Undirected,16,3,79
Jarl,Val,Undirected,5,3,90
Jarl,Ygritte,Undirected,6,3,89
Jason-Mallister,Tytos-Blackwood,Undirected,3,3,92
Jeor-Mormont,Jon-Snow,Undirected,19,3,76
Jeor-Mormont,Lark,Undirected,3,3,92
Jeor-Mormont,Othell-Yarwyck,Undirected,3,3,92
Jeor-Mormont,Qhorin-Halfhand,Undirected,6,3,89
Jeor-Mormont,Samwell-Tarly,Undirected,23,3,72
Jeor-Mormont,Small-Paul,Undirected,3,3,92
Jeor-Mormont,Thoren-Smallwood,Undirected,8,3,87
Jeor-Mormont,Tyrion-Lannister,Undirected,4,3,91
Jeyne-Westerling,Lothar-Frey,Undirected,4,3,91
Jeyne-Westerling,Robb-Stark,Undirected,21,3,74
Jeyne-Westerling,Walder-Frey,Undirected,5,3,90
Jhiqui,Jorah-Mormont,Undirected,5,3,90
Jhiqui,Missandei,Undirected,5,3,90
Jhogo,Rakharo,Undirected,4,3,91
Joanna-Lannister,Tywin-Lannister,Undirected,4,3,91
Joffrey-Baratheon,Jon-Snow,Undirected,4,3,91
Joffrey-Baratheon,Kevan-Lannister,Undirected,11,3,84
Joffrey-Baratheon,Loras-Tyrell,Undirected,12,3,83
Joffrey-Baratheon,Mace-Tyrell,Undirected,10,3,85
Joffrey-Baratheon,Mance-Rayder,Undirected,5,3,90
Joffrey-Baratheon,Margaery-Tyrell,Undirected,44,3,51
Joffrey-Baratheon,Melisandre,Undirected,4,3,91
Joffrey-Baratheon,Meryn-Trant,Undirected,12,3,83
Joffrey-Baratheon,Mycah,Undirected,3,3,92
Joffrey-Baratheon,Myrcella-Baratheon,Undirected,6,3,89
Joffrey-Baratheon,Oberyn-Martell,Undirected,8,3,87
Joffrey-Baratheon,Olenna-Redwyne,Undirected,3,3,92
Joffrey-Baratheon,Osmund-Kettleblack,Undirected,9,3,86
Joffrey-Baratheon,Paxter-Redwyne,Undirected,5,3,90
Joffrey-Baratheon,Petyr-Baelish,Undirected,8,3,87
Joffrey-Baratheon,Polliver,Undirected,6,3,89
Joffrey-Baratheon,Pycelle,Undirected,9,3,86
Joffrey-Baratheon,Rafford,Undirected,6,3,89
Joffrey-Baratheon,Renly-Baratheon,Undirected,5,3,90
Joffrey-Baratheon,Robb-Stark,Undirected,14,3,81
Joffrey-Baratheon,Robert-Baratheon,Undirected,9,3,86
Joffrey-Baratheon,Sandor-Clegane,Undirected,16,3,79
Joffrey-Baratheon,Sansa-Stark,Undirected,53,3,42
Joffrey-Baratheon,Selyse-Florent,Undirected,3,3,92
Joffrey-Baratheon,Shae,Undirected,3,3,92
Joffrey-Baratheon,Shireen-Baratheon,Undirected,3,3,92
Joffrey-Baratheon,Stannis-Baratheon,Undirected,17,3,78
Joffrey-Baratheon,Tickler,Undirected,6,3,89
Joffrey-Baratheon,Tommen-Baratheon,Undirected,20,3,75
Joffrey-Baratheon,Tyrion-Lannister,Undirected,95,3,0
Joffrey-Baratheon,Tywin-Lannister,Undirected,23,3,72
Joffrey-Baratheon,Varys,Undirected,6,3,89
Jojen-Reed,Meera-Reed,Undirected,34,3,61
Jojen-Reed,Samwell-Tarly,Undirected,10,3,85
Jon-Arryn,Lysa-Arryn,Undirected,4,3,91
Jon-Arryn,Robert-Arryn,Undirected,3,3,92
Jon-Arryn,Robert-Baratheon,Undirected,4,3,91
Jon-Snow,Kegs,Undirected,5,3,90
Jon-Snow,Mag-Mar-Tun-Doh-Weg,Undirected,3,3,92
Jon-Snow,Mance-Rayder,Undirected,83,3,12
Jon-Snow,Melisandre,Undirected,9,3,86
Jon-Snow,Mully,Undirected,4,3,91
Jon-Snow,Orell,Undirected,6,3,89
Jon-Snow,Owen,Undirected,14,3,81
Jon-Snow,Pypar,Undirected,27,3,68
Jon-Snow,Qhorin-Halfhand,Undirected,23,3,72
Jon-Snow,Rattleshirt,Undirected,23,3,72
Jon-Snow,Robb-Stark,Undirected,12,3,83
Jon-Snow,Robert-Baratheon,Undirected,5,3,90
Jon-Snow,Ryk,Undirected,11,3,84
Jon-Snow,Samwell-Tarly,Undirected,50,3,45
Jon-Snow,Satin,Undirected,33,3,62
Jon-Snow,Spare-Boot,Undirected,5,3,90
Jon-Snow,Stannis-Baratheon,Undirected,12,3,83
Jon-Snow,Styr,Undirected,40,3,55
Jon-Snow,Theon-Greyjoy,Undirected,8,3,87
Jon-Snow,Tormund,Undirected,23,3,72
Jon-Snow,Val,Undirected,11,3,84
Jon-Snow,Varamyr,Undirected,7,3,88
Jon-Snow,Ygritte,Undirected,54,3,41
Jon-Snow,Zei,Undirected,3,3,92
Jon-Umber-(Greatjon),Jon-Umber-(Smalljon),Undirected,4,3,91
Jon-Umber-(Greatjon),Maege-Mormont,Undirected,3,3,92
Jon-Umber-(Greatjon),Rickard-Karstark,Undirected,7,3,88
Jon-Umber-(Greatjon),Robb-Stark,Undirected,15,3,80
Jon-Umber-(Greatjon),Robin-Flint,Undirected,3,3,92
Jon-Umber-(Greatjon),Walder-Frey,Undirected,4,3,91
Jon-Umber-(Greatjon),Wendel-Manderly,Undirected,3,3,92
Jon-Umber-(Smalljon),Robb-Stark,Undirected,5,3,90
Jonothor-Darry,Lewyn-Martell,Undirected,3,3,92
Jonothor-Darry,Oswell-Whent,Undirected,3,3,92
Jorah-Mormont,Mero,Undirected,9,3,86
Jorah-Mormont,Missandei,Undirected,3,3,92
Jorah-Mormont,Rhaegar-Targaryen,Undirected,5,3,90
Joramun,Mance-Rayder,Undirected,3,3,92
Kegs,Owen,Undirected,5,3,90
Kegs,Pypar,Undirected,3,3,92
Kegs,Satin,Undirected,4,3,91
Kegs,Spare-Boot,Undirected,4,3,91
Kella,Sansa-Stark,Undirected,3,3,92
Kevan-Lannister,Lancel-Lannister,Undirected,7,3,88
Kevan-Lannister,Pycelle,Undirected,3,3,92
Kevan-Lannister,Sansa-Stark,Undirected,5,3,90
Kevan-Lannister,Tommen-Baratheon,Undirected,3,3,92
Kevan-Lannister,Tyrion-Lannister,Undirected,11,3,84
Kevan-Lannister,Tywin-Lannister,Undirected,15,3,80
Kevan-Lannister,Varys,Undirected,5,3,90
Kevan-Lannister,Willem-Lannister,Undirected,3,3,92
Khorane-Sathmantes,Salladhor-Saan,Undirected,4,3,91
Khorane-Sathmantes,Stannis-Baratheon,Undirected,3,3,92
Lamprey,Porridge,Undirected,3,3,92
Lark,Samwell-Tarly,Undirected,3,3,92
Lark,Small-Paul,Undirected,8,3,87
Lark,Softfoot,Undirected,3,3,92
Lem,Sandor-Clegane,Undirected,5,3,90
Lem,Sharna,Undirected,3,3,92
Lem,Tansy,Undirected,3,3,92
Lem,Thoros-of-Myr,Undirected,13,3,82
Lem,Tom-of-Sevenstreams,Undirected,21,3,74
Lewyn-Martell,Oswell-Whent,Undirected,3,3,92
Lollys-Stokeworth,Shae,Undirected,5,3,90
Lollys-Stokeworth,Symon-Silver-Tongue,Undirected,3,3,92
Lollys-Stokeworth,Tanda-Stokeworth,Undirected,7,3,88
Lollys-Stokeworth,Tyrion-Lannister,Undirected,8,3,87
Lollys-Stokeworth,Varys,Undirected,5,3,90
Loras-Tyrell,Margaery-Tyrell,Undirected,10,3,85
Loras-Tyrell,Olenna-Redwyne,Undirected,5,3,90
Loras-Tyrell,Osmund-Kettleblack,Undirected,4,3,91
Loras-Tyrell,Renly-Baratheon,Undirected,8,3,87
Loras-Tyrell,Sansa-Stark,Undirected,13,3,82
Loras-Tyrell,Tyrion-Lannister,Undirected,10,3,85
Loras-Tyrell,Willas-Tyrell,Undirected,4,3,91
Lothar-Frey,Marq-Piper,Undirected,3,3,92
Lothar-Frey,Merrett-Frey,Undirected,3,3,92
Lothar-Frey,Robb-Stark,Undirected,12,3,83
Lothar-Frey,Roose-Bolton,Undirected,3,3,92
Lothar-Frey,Roslin-Frey,Undirected,4,3,91
Lothar-Frey,Walder-Frey,Undirected,6,3,89
Lothar-Frey,Walder-Rivers,Undirected,3,3,92
Lothor-Brune,Petyr-Baelish,Undirected,5,3,90
Lothor-Brune,Sansa-Stark,Undirected,6,3,89
Luwin,Nan,Undirected,5,3,90
Lysa-Arryn,Marillion,Undirected,10,3,85
Lysa-Arryn,Mathis-Rowan,Undirected,3,3,92
Lysa-Arryn,Petyr-Baelish,Undirected,29,3,66
Lysa-Arryn,Robert-Arryn,Undirected,7,3,88
Lysa-Arryn,Robert-Baratheon,Undirected,3,3,92
Lysa-Arryn,Sansa-Stark,Undirected,35,3,60
Lysa-Arryn,Tansy,Undirected,3,3,92
Lysa-Arryn,Tyrion-Lannister,Undirected,6,3,89
Lysa-Arryn,Tywin-Lannister,Undirected,4,3,91
Mace-Tyrell,Margaery-Tyrell,Undirected,5,3,90
Mace-Tyrell,Oberyn-Martell,Undirected,15,3,80
Mace-Tyrell,Olenna-Redwyne,Undirected,3,3,92
Mace-Tyrell,Paxter-Redwyne,Undirected,4,3,91
Mace-Tyrell,Sansa-Stark,Undirected,9,3,86
Mace-Tyrell,Stannis-Baratheon,Undirected,5,3,90
Mace-Tyrell,Tyrion-Lannister,Undirected,15,3,80
Mace-Tyrell,Tywin-Lannister,Undirected,10,3,85
Mace-Tyrell,Willas-Tyrell,Undirected,4,3,91
Maege-Mormont,Robb-Stark,Undirected,3,3,92
Maegor-I-Targaryen,Varys,Undirected,3,3,92
Mallador-Locke,Thoren-Smallwood,Undirected,4,3,91
Mance-Rayder,Pypar,Undirected,4,3,91
Mance-Rayder,Qhorin-Halfhand,Undirected,9,3,86
Mance-Rayder,Rattleshirt,Undirected,12,3,83
Mance-Rayder,Samwell-Tarly,Undirected,10,3,85
Mance-Rayder,Styr,Undirected,14,3,81
Mance-Rayder,Thoren-Smallwood,Undirected,4,3,91
Mance-Rayder,Tormund,Undirected,20,3,75
Mance-Rayder,Val,Undirected,8,3,87
Mance-Rayder,Varamyr,Undirected,6,3,89
Mance-Rayder,Ygritte,Undirected,14,3,81
Mandon-Moore,Tyrion-Lannister,Undirected,3,3,92
Mandon-Moore,Varys,Undirected,3,3,92
Margaery-Tyrell,Olenna-Redwyne,Undirected,4,3,91
Margaery-Tyrell,Renly-Baratheon,Undirected,6,3,89
Margaery-Tyrell,Sansa-Stark,Undirected,34,3,61
Margaery-Tyrell,Tommen-Baratheon,Undirected,5,3,90
Margaery-Tyrell,Tyrion-Lannister,Undirected,10,3,85
Margaery-Tyrell,Willas-Tyrell,Undirected,5,3,90
Marillion,Robert-Arryn,Undirected,3,3,92
Marillion,Sansa-Stark,Undirected,12,3,83
Marq-Piper,Robb-Stark,Undirected,3,3,92
Martyn-Lannister,Tywin-Lannister,Undirected,3,3,92
Martyn-Lannister,Willem-Lannister,Undirected,3,3,92
Mathis-Rowan,Paxter-Redwyne,Undirected,8,3,87
Meera-Reed,Samwell-Tarly,Undirected,5,3,90
Megga-Tyrell,Sansa-Stark,Undirected,6,3,89
Melisandre,Salladhor-Saan,Undirected,6,3,89
Melisandre,Samwell-Tarly,Undirected,7,3,88
Melisandre,Selyse-Florent,Undirected,9,3,86
Melisandre,Stannis-Baratheon,Undirected,38,3,57
Merrett-Frey,Petyr-Baelish,Undirected,3,3,92
Meryn-Trant,Osmund-Kettleblack,Undirected,4,3,91
Meryn-Trant,Polliver,Undirected,5,3,90
Meryn-Trant,Rafford,Undirected,6,3,89
Meryn-Trant,Sandor-Clegane,Undirected,5,3,90
Meryn-Trant,Sansa-Stark,Undirected,3,3,92
Meryn-Trant,Tickler,Undirected,6,3,89
Meryn-Trant,Tyrion-Lannister,Undirected,5,3,90
Mordane,Sansa-Stark,Undirected,4,3,91
Mully,Owen,Undirected,3,3,92
Mully,Satin,Undirected,4,3,91
Mully,Spare-Boot,Undirected,3,3,92
Munda,Tormund,Undirected,4,3,91
Mycah,Sandor-Clegane,Undirected,6,3,89
Myrcella-Baratheon,Sansa-Stark,Undirected,4,3,91
Myrcella-Baratheon,Tommen-Baratheon,Undirected,7,3,88
Myrcella-Baratheon,Tyrion-Lannister,Undirected,4,3,91
Nage,Walton,Undirected,3,3,92
Oberyn-Martell,Sansa-Stark,Undirected,3,3,92
Oberyn-Martell,Tyrion-Lannister,Undirected,41,3,54
Oberyn-Martell,Tywin-Lannister,Undirected,9,3,86
Oberyn-Martell,Viserys-Targaryen,Undirected,4,3,91
Olenna-Redwyne,Sansa-Stark,Undirected,12,3,83
Olenna-Redwyne,Tyrion-Lannister,Undirected,3,3,92
Olyvar-Frey,Robb-Stark,Undirected,8,3,87
Olyvar-Frey,Ryman-Frey,Undirected,4,3,91
Orell,Ygritte,Undirected,3,3,92
Osmund-Kettleblack,Sansa-Stark,Undirected,4,3,91
Osmund-Kettleblack,Tyrion-Lannister,Undirected,5,3,90
Oswell-Kettleblack,Petyr-Baelish,Undirected,4,3,91
Oswell-Kettleblack,Sansa-Stark,Undirected,5,3,90
Othell-Yarwyck,Pypar,Undirected,3,3,92
Ottyn-Wythers,Thoren-Smallwood,Undirected,6,3,89
Owen,Pypar,Undirected,4,3,91
Owen,Robert-Baratheon,Undirected,3,3,92
Owen,Satin,Undirected,4,3,91
Owen,Spare-Boot,Undirected,4,3,91
Patchface,Shireen-Baratheon,Undirected,3,3,92
Paxter-Redwyne,Tyrion-Lannister,Undirected,4,3,91
Perwyn-Frey,Robb-Stark,Undirected,3,3,92
Petyr-Baelish,Robb-Stark,Undirected,6,3,89
Petyr-Baelish,Robert-Arryn,Undirected,4,3,91
Petyr-Baelish,Roose-Bolton,Undirected,3,3,92
Petyr-Baelish,Sansa-Stark,Undirected,31,3,64
Petyr-Baelish,Tyrion-Lannister,Undirected,14,3,81
Petyr-Baelish,Tywin-Lannister,Undirected,5,3,90
Petyr-Baelish,Yohn-Royce,Undirected,3,3,92
Petyr-Frey,Ryman-Frey,Undirected,4,3,91
Petyr-Frey,Walder-Frey,Undirected,4,3,91
Podrick-Payne,Sansa-Stark,Undirected,7,3,88
Podrick-Payne,Tyrion-Lannister,Undirected,27,3,68
Podrick-Payne,Tywin-Lannister,Undirected,4,3,91
Polliver,Rafford,Undirected,10,3,85
Polliver,Sandor-Clegane,Undirected,19,3,76
Polliver,Sansa-Stark,Undirected,3,3,92
Polliver,Tickler,Undirected,16,3,79
Prendahl-na-Ghezn,Sallor,Undirected,6,3,89
Pycelle,Tyrion-Lannister,Undirected,12,3,83
Pycelle,Tywin-Lannister,Undirected,5,3,90
Pycelle,Varys,Undirected,5,3,90
Pylos,Shireen-Baratheon,Undirected,4,3,91
Pylos,Stannis-Baratheon,Undirected,4,3,91
Pypar,Samwell-Tarly,Undirected,15,3,80
Pypar,Satin,Undirected,4,3,91
Qhorin-Halfhand,Ragwyle,Undirected,3,3,92
Qhorin-Halfhand,Rattleshirt,Undirected,7,3,88
Qhorin-Halfhand,Samwell-Tarly,Undirected,3,3,92
Qhorin-Halfhand,Ygritte,Undirected,5,3,90
Qyburn,Roose-Bolton,Undirected,3,3,92
Qyburn,Walton,Undirected,4,3,91
Rafford,Sandor-Clegane,Undirected,7,3,88
Rafford,Tickler,Undirected,10,3,85
Ramsay-Snow,Robb-Stark,Undirected,4,3,91
Ramsay-Snow,Roose-Bolton,Undirected,4,3,91
Randyll-Tarly,Robett-Glover,Undirected,3,3,92
Rattleshirt,Ryk,Undirected,4,3,91
Rattleshirt,Styr,Undirected,8,3,87
Rattleshirt,Tormund,Undirected,5,3,90
Rattleshirt,Weeper,Undirected,5,3,90
Rattleshirt,Ygritte,Undirected,11,3,84
Raynald-Westerling,Robb-Stark,Undirected,8,3,87
Raynald-Westerling,Rollam-Westerling,Undirected,3,3,92
Renly-Baratheon,Robert-Baratheon,Undirected,4,3,91
Renly-Baratheon,Sansa-Stark,Undirected,4,3,91
Renly-Baratheon,Stannis-Baratheon,Undirected,17,3,78
Renly-Baratheon,Tyrion-Lannister,Undirected,5,3,90
Renly-Baratheon,Varys,Undirected,4,3,91
Rhaegar-Targaryen,Rhaella-Targaryen,Undirected,3,3,92
Rhaegar-Targaryen,Robert-Baratheon,Undirected,8,3,87
Rhaegar-Targaryen,Viserys-Targaryen,Undirected,7,3,88
Rhaella-Targaryen,Viserys-Targaryen,Undirected,3,3,92
Rickard-Karstark,Robb-Stark,Undirected,16,3,79
Rickon-Stark,Robb-Stark,Undirected,13,3,82
Rickon-Stark,Sansa-Stark,Undirected,7,3,88
Rickon-Stark,Theon-Greyjoy,Undirected,8,3,87
Robb-Stark,Robin-Flint,Undirected,3,3,92
Robb-Stark,Rollam-Westerling,Undirected,4,3,91
Robb-Stark,Rolph-Spicer,Undirected,5,3,90
Robb-Stark,Roose-Bolton,Undirected,11,3,84
Robb-Stark,Roslin-Frey,Undirected,4,3,91
Robb-Stark,Ryman-Frey,Undirected,8,3,87
Robb-Stark,Sansa-Stark,Undirected,17,3,78
Robb-Stark,Stannis-Baratheon,Undirected,4,3,91
Robb-Stark,Stevron-Frey,Undirected,4,3,91
Robb-Stark,Sybell-Spicer,Undirected,3,3,92
Robb-Stark,Theon-Greyjoy,Undirected,11,3,84
Robb-Stark,Tristifer-IV-Mudd,Undirected,3,3,92
Robb-Stark,Tyrion-Lannister,Undirected,15,3,80
Robb-Stark,Tywin-Lannister,Undirected,15,3,80
Robb-Stark,Utherydes-Wayn,Undirected,3,3,92
Robb-Stark,Walder-Frey,Undirected,27,3,68
Robb-Stark,Walder-Rivers,Undirected,4,3,91
Robb-Stark,Willem-Lannister,Undirected,3,3,92
Robert-Arryn,Sansa-Stark,Undirected,9,3,86
Robert-Baratheon,Sandor-Clegane,Undirected,5,3,90
Robert-Baratheon,Sansa-Stark,Undirected,3,3,92
Robert-Baratheon,Stannis-Baratheon,Undirected,7,3,88
Robert-Baratheon,Thoros-of-Myr,Undirected,6,3,89
Robert-Baratheon,Tyrion-Lannister,Undirected,8,3,87
Robert-Baratheon,Tywin-Lannister,Undirected,9,3,86
Robert-Baratheon,Varys,Undirected,4,3,91
Robert-Baratheon,Viserys-Targaryen,Undirected,6,3,89
Robin-Flint,Wendel-Manderly,Undirected,3,3,92
Roose-Bolton,Ryman-Frey,Undirected,3,3,92
Roose-Bolton,Tyrion-Lannister,Undirected,6,3,89
Roose-Bolton,Tywin-Lannister,Undirected,4,3,91
Roose-Bolton,Vargo-Hoat,Undirected,6,3,89
Roose-Bolton,Walton,Undirected,6,3,89
Rorge,Shagwell,Undirected,4,3,91
Rorge,Vargo-Hoat,Undirected,3,3,92
Rorge,Zollo,Undirected,5,3,90
Roslin-Frey,Walder-Frey,Undirected,6,3,89
Ryk,Tormund,Undirected,6,3,89
Ryk,Ygritte,Undirected,8,3,87
Ryman-Frey,Stevron-Frey,Undirected,4,3,91
Salladhor-Saan,Stannis-Baratheon,Undirected,6,3,89
Samwell-Tarly,Small-Paul,Undirected,19,3,76
Samwell-Tarly,Stannis-Baratheon,Undirected,18,3,77
Sandor-Clegane,Sansa-Stark,Undirected,8,3,87
Sandor-Clegane,Thoros-of-Myr,Undirected,13,3,82
Sandor-Clegane,Tickler,Undirected,14,3,81
Sandor-Clegane,Tyrion-Lannister,Undirected,4,3,91
Sansa-Stark,Shae,Undirected,8,3,87
Sansa-Stark,Tanda-Stokeworth,Undirected,3,3,92
Sansa-Stark,Tommen-Baratheon,Undirected,3,3,92
Sansa-Stark,Tyrion-Lannister,Undirected,78,3,17
Sansa-Stark,Tysha,Undirected,3,3,92
Sansa-Stark,Tywin-Lannister,Undirected,3,3,92
Sansa-Stark,Varys,Undirected,4,3,91
Sansa-Stark,Willas-Tyrell,Undirected,5,3,90
Satin,Spare-Boot,Undirected,4,3,91
Selyse-Florent,Stannis-Baratheon,Undirected,12,3,83
Shae,Symon-Silver-Tongue,Undirected,3,3,92
Shae,Tanda-Stokeworth,Undirected,3,3,92
Shae,Tyrion-Lannister,Undirected,23,3,72
Shae,Varys,Undirected,11,3,84
Sharna,Tom-of-Sevenstreams,Undirected,3,3,92
Shireen-Baratheon,Stannis-Baratheon,Undirected,3,3,92
Shireen-Baratheon,Tommen-Baratheon,Undirected,3,3,92
Simon-Toyne,Smiling-Knight,Undirected,3,3,92
Stannis-Baratheon,Tommen-Baratheon,Undirected,3,3,92
Stannis-Baratheon,Tyrion-Lannister,Undirected,7,3,88
Stannis-Baratheon,Tywin-Lannister,Undirected,15,3,80
Styr,Tormund,Undirected,5,3,90
Styr,Ygritte,Undirected,9,3,86
Symon-Silver-Tongue,Tyrion-Lannister,Undirected,7,3,88
Tanda-Stokeworth,Tyrion-Lannister,Undirected,5,3,90
Tansy,Tom-of-Sevenstreams,Undirected,3,3,92
Tion-Frey,Willem-Lannister,Undirected,6,3,89
Tommen-Baratheon,Tyrion-Lannister,Undirected,8,3,87
Tommen-Baratheon,Tywin-Lannister,Undirected,5,3,90
Tormund,Ygritte,Undirected,11,3,84
Tyrion-Lannister,Tysha,Undirected,3,3,92
Tyrion-Lannister,Tywin-Lannister,Undirected,44,3,51
Tyrion-Lannister,Varys,Undirected,27,3,68
Tyrion-Lannister,Viserys-Targaryen,Undirected,4,3,91
Tyrion-Lannister,Willas-Tyrell,Undirected,5,3,90
Tywin-Lannister,Varys,Undirected,5,3,90
Tywin-Lannister,Walder-Frey,Undirected,4,3,91
Vargo-Hoat,Zollo,Undirected,3,3,92