Source,Target,Type,weight,book,new_weight
Aegon-I-Targaryen,Daenerys-Targaryen,undirected,4,5,93
Aegon-Targaryen-(son-of-Rhaegar),Daenerys-Targaryen,undirected,11,5,86
Aegon-Targaryen-(son-of-Rhaegar),Elia-Martell,undirected,4,5,93
Aegon-Targaryen-(son-of-Rhaegar),Franklyn-Flowers,undirected,3,5,94
Aegon-Targaryen-(son-of-Rhaegar),Haldon,undirected,14,5,83
Aegon-Targaryen-(son-of-Rhaegar),Harry-Strickland,undirected,9,5,88
Aegon-Targaryen-(son-of-Rhaegar),Jon-Connington,undirected,16,5,81
Aegon-Targaryen-(son-of-Rhaegar),Lemore,undirected,10,5,87
Aegon-Targaryen-(son-of-Rhaegar),Rhaegar-Targaryen,undirected,9,5,88
Aegon-Targaryen-(son-of-Rhaegar),Rhaenys-Targaryen-(daughter-of-Rhaegar),undirected,4,5,93
Aegon-Targaryen-(son-of-Rhaegar),Rolly-Duckfield,undirected,11,5,86
Aegon-Targaryen-(son-of-Rhaegar),Tyrion-Lannister,undirected,23,5,74
Aegon-Targaryen-(son-of-Rhaegar),Tywin-Lannister,undirected,3,5,94
Aegon-Targaryen-(son-of-Rhaegar),Viserys-Targaryen,undirected,3,5,94
Aegon-Targaryen-(son-of-Rhaegar),Yandry,undirected,6,5,91
Aegon-Targaryen-(son-of-Rhaegar),Ysilla,undirected,4,5,93
Aemon-Targaryen-(Maester-Aemon),Clydas,undirected,7,5,90
Aemon-Targaryen-(Maester-Aemon),Gilly,undirected,3,5,94
Aemon-Targaryen-(Maester-Aemon),Jon-Snow,undirected,12,5,85
Aemon-Targaryen-(Maester-Aemon),Samwell-Tarly,undirected,16,5,81
Aemon-Targaryen-(Maester-Aemon),Stannis-Baratheon,undirected,3,5,94
Aenys-Frey,Hosteen-Frey,undirected,6,5,91
Aenys-Frey,Theon-Greyjoy,undirected,3,5,94
Aenys-Frey,Wyman-Manderly,undirected,4,5,93
Aeron-Greyjoy,Euron-Greyjoy,undirected,4,5,93
Aeron-Greyjoy,Victarion-Greyjoy,undirected,3,5,94
Aerys-II-Targaryen,Rhaegar-Targaryen,undirected,5,5,92
Aerys-II-Targaryen,Robert-Baratheon,undirected,5,5,92
Aerys-II-Targaryen,Tywin-Lannister,undirected,6,5,91
Aggo,Barristan-Selmy,undirected,3,5,94
Aggo,Daario-Naharis,undirected,4,5,93
Aggo,Daenerys-Targaryen,undirected,9,5,88
Aggo,Grey-Worm,undirected,5,5,92
Aggo,Jhogo,undirected,6,5,91
Aggo,Rakharo,undirected,9,5,88
Alliser-Thorne,Jon-Snow,undirected,6,5,91
Alys-Karstark,Jon-Snow,undirected,13,5,84
Alys-Karstark,Melisandre,undirected,6,5,91
Alys-Karstark,Sigorn,undirected,5,5,92
Alysane-Mormont,Asha-Greyjoy,undirected,18,5,79
Alysane-Mormont,Justin-Massey,undirected,5,5,92
Alysane-Mormont,Stannis-Baratheon,undirected,5,5,92
Archibald-Yronwood,Cletus-Yronwood,undirected,5,5,92
Archibald-Yronwood,Gerris-Drinkwater,undirected,13,5,84
Archibald-Yronwood,Quentyn-Martell,undirected,21,5,76
Archibald-Yronwood,Tattered-Prince,undirected,4,5,93
Areo-Hotah,Arianne-Martell,undirected,11,5,86
Areo-Hotah,Arys-Oakheart,undirected,4,5,93
Areo-Hotah,Balon-Swann,undirected,4,5,93
Areo-Hotah,Doran-Martell,undirected,12,5,85
Areo-Hotah,Ellaria-Sand,undirected,3,5,94
Areo-Hotah,Obara-Sand,undirected,6,5,91
Arianne-Martell,Balon-Swann,undirected,5,5,92
Arianne-Martell,Doran-Martell,undirected,11,5,86
Arianne-Martell,Ellaria-Sand,undirected,3,5,94
Arianne-Martell,Myrcella-Baratheon,undirected,4,5,93
Arianne-Martell,Obara-Sand,undirected,5,5,92
Arnolf-Karstark,Arthor-Karstark,undirected,3,5,94
Arnolf-Karstark,Asha-Greyjoy,undirected,3,5,94
Arnolf-Karstark,Mors-Umber,undirected,4,5,93
Arnolf-Karstark,Rickard-Karstark,undirected,3,5,94
Arnolf-Karstark,Stannis-Baratheon,undirected,7,5,90
Arron,Emrick,undirected,6,5,91
Arron,Hareth-(Moles-Town),undirected,4,5,93
Arron,Satin,undirected,4,5,93
Arya-Stark,Bran-Stark,undirected,7,5,90
Arya-Stark,Brusco,undirected,4,5,93
Arya-Stark,Eddard-Stark,undirected,4,5,93
Arya-Stark,Jeyne-Poole,undirected,4,5,93
Arya-Stark,Jon-Snow,undirected,12,5,85
Arya-Stark,Kindly-Man,undirected,4,5,93
Arya-Stark,Mance-Rayder,undirected,3,5,94
Arya-Stark,Melisandre,undirected,4,5,93
Arya-Stark,Ramsay-Snow,undirected,5,5,92
Arya-Stark,Sansa-Stark,undirected,4,5,93
Arya-Stark,Theon-Greyjoy,undirected,7,5,90
Arya-Stark,Waif,undirected,3,5,94
Arys-Oakheart,Gerold-Dayne,undirected,3,5,94
Asha-Greyjoy,Clayton-Suggs,undirected,4,5,93
Asha-Greyjoy,Euron-Greyjoy,undirected,4,5,93
Asha-Greyjoy,Galbart-Glover,undirected,8,5,89
Asha-Greyjoy,Godry-Farring,undirected,3,5,94
Asha-Greyjoy,Grimtongue,undirected,3,5,94
Asha-Greyjoy,Hagen,undirected,3,5,94
Asha-Greyjoy,Justin-Massey,undirected,15,5,82
Asha-Greyjoy,Qarl-the-Maid,undirected,8,5,89
Asha-Greyjoy,Robert-Baratheon,undirected,4,5,93
Asha-Greyjoy,Rolfe-the-Dwarf,undirected,3,5,94
Asha-Greyjoy,Stannis-Baratheon,undirected,16,5,81
Asha-Greyjoy,Sybelle-Glover,undirected,3,5,94
Asha-Greyjoy,Theon-Greyjoy,undirected,7,5,90
Asha-Greyjoy,Torgon-Greyiron,undirected,3,5,94
Asha-Greyjoy,Tristifer-Botley,undirected,12,5,85
Asha-Greyjoy,Tycho-Nestoris,undirected,3,5,94
Ashara-Dayne,Elia-Martell,undirected,3,5,94
Axell-Florent,Jon-Snow,undirected,4,5,93
Axell-Florent,Melisandre,undirected,5,5,92
Axell-Florent,Selyse-Florent,undirected,8,5,89
Axell-Florent,Shireen-Baratheon,undirected,3,5,94
Axell-Florent,Stannis-Baratheon,undirected,3,5,94
Azor-Ahai,Stannis-Baratheon,undirected,3,5,94
Balon-Greyjoy,Euron-Greyjoy,undirected,3,5,94
Balon-Greyjoy,Theon-Greyjoy,undirected,3,5,94
Balon-Swann,Doran-Martell,undirected,11,5,86
Balon-Swann,Gerold-Dayne,undirected,3,5,94
Balon-Swann,Myrcella-Baratheon,undirected,4,5,93
Balon-Swann,Tyrion-Lannister,undirected,3,5,94
Barbrey-Dustin,Jeyne-Poole,undirected,5,5,92
Barbrey-Dustin,Ramsay-Snow,undirected,5,5,92
Barbrey-Dustin,Roger-Ryswell,undirected,4,5,93
Barbrey-Dustin,Roose-Bolton,undirected,3,5,94
Barbrey-Dustin,Stannis-Baratheon,undirected,3,5,94
Barbrey-Dustin,Theon-Greyjoy,undirected,17,5,80
Barristan-Selmy,Belwas,undirected,9,5,88
Barristan-Selmy,Ben-Plumm,undirected,4,5,93
Barristan-Selmy,Bloodbeard,undirected,3,5,94
Barristan-Selmy,Daario-Naharis,undirected,18,5,79
Barristan-Selmy,Daenerys-Targaryen,undirected,75,5,22
Barristan-Selmy,Galazza-Galare,undirected,5,5,92
Barristan-Selmy,Gerris-Drinkwater,undirected,4,5,93
Barristan-Selmy,Grazhar,undirected,3,5,94
Barristan-Selmy,Grey-Worm,undirected,6,5,91
Barristan-Selmy,Groleo,undirected,8,5,89
Barristan-Selmy,Hizdahr-zo-Loraq,undirected,42,5,55
Barristan-Selmy,Jhogo,undirected,3,5,94
Barristan-Selmy,Khrazz,undirected,8,5,89
Barristan-Selmy,Larraq,undirected,3,5,94
Barristan-Selmy,Missandei,undirected,8,5,89
Barristan-Selmy,Quentyn-Martell,undirected,22,5,75
Barristan-Selmy,Reznak-mo-Reznak,undirected,7,5,90
Barristan-Selmy,Rhaegar-Targaryen,undirected,3,5,94
Barristan-Selmy,Skahaz-mo-Kandaq,undirected,21,5,76
Barristan-Selmy,Steelskin,undirected,3,5,94
Barristan-Selmy,Tyrion-Lannister,undirected,3,5,94
Barristan-Selmy,Varys,undirected,3,5,94
Barristan-Selmy,Widower,undirected,3,5,94
Barristan-Selmy,Xaro-Xhoan-Daxos,undirected,3,5,94
Barsena,Daenerys-Targaryen,undirected,4,5,93
Bartimus,Davos-Seaworth,undirected,4,5,93
Belaquo,Goghor-the-Giant,undirected,7,5,90
Belaquo,Hizdahr-zo-Loraq,undirected,3,5,94
Belaquo,Irri,undirected,3,5,94
Belaquo,Spotted-Cat,undirected,5,5,92
Belwas,Daenerys-Targaryen,undirected,13,5,84
Belwas,Hizdahr-zo-Loraq,undirected,11,5,86
Belwas,Quentyn-Martell,undirected,3,5,94
Belwas,Skahaz-mo-Kandaq,undirected,3,5,94
Ben-Bones,Ramsay-Snow,undirected,5,5,92
Ben-Bones,Theon-Greyjoy,undirected,4,5,93
Ben-Plumm,Daario-Naharis,undirected,9,5,88
Ben-Plumm,Daenerys-Targaryen,undirected,14,5,83
Ben-Plumm,Hizdahr-zo-Loraq,undirected,3,5,94
Ben-Plumm,Kasporio,undirected,3,5,94
Ben-Plumm,Penny,undirected,3,5,94
Ben-Plumm,Tybero-Istarion,undirected,5,5,92
Ben-Plumm,Tyrion-Lannister,undirected,4,5,93
Benerro,Daenerys-Targaryen,undirected,3,5,94
Benerro,Haldon,undirected,4,5,93
Benerro,Moqorro,undirected,4,5,93
Benerro,Tyrion-Lannister,undirected,7,5,90
Benethon-Scales,Narbert-Grandison,undirected,3,5,94
Benethon-Scales,Selyse-Florent,undirected,4,5,93
Benjen-Stark,Jon-Snow,undirected,4,5,93
Black-Balaq,Franklyn-Flowers,undirected,3,5,94
Bloodbeard,Daenerys-Targaryen,undirected,3,5,94
Bloodbeard,Hizdahr-zo-Loraq,undirected,5,5,92
Bloodbeard,Tattered-Prince,undirected,3,5,94
Boros-Blount,Meryn-Trant,undirected,3,5,94
Boros-Blount,Tommen-Baratheon,undirected,4,5,93
Bowen-Marsh,Cellador,undirected,8,5,89
Bowen-Marsh,Eddison-Tollett,undirected,9,5,88
Bowen-Marsh,Jon-Snow,undirected,45,5,52
Bowen-Marsh,Mance-Rayder,undirected,5,5,92
Bowen-Marsh,Othell-Yarwyck,undirected,19,5,78
Bowen-Marsh,Satin,undirected,3,5,94
Bowen-Marsh,Stannis-Baratheon,undirected,3,5,94
Bowen-Marsh,Tormund,undirected,5,5,92
Bowen-Marsh,Wick-Whittlestick,undirected,5,5,92
Bran-Stark,Brynden-Rivers,undirected,14,5,83
Bran-Stark,Coldhands,undirected,6,5,91
Bran-Stark,Eddard-Stark,undirected,4,5,93
Bran-Stark,Hodor,undirected,50,5,47
Bran-Stark,Jojen-Reed,undirected,17,5,80
Bran-Stark,Jon-Snow,undirected,4,5,93
Bran-Stark,Leaf,undirected,5,5,92
Bran-Stark,Meera-Reed,undirected,33,5,64
Bran-Stark,Rickon-Stark,undirected,7,5,90
Bran-Stark,Robb-Stark,undirected,6,5,91
Bran-Stark,Theon-Greyjoy,undirected,8,5,89
Brandon-Norrey,Jon-Snow,undirected,3,5,94
Brandon-Norrey,Torghen-Flint,undirected,3,5,94
Brea,Brusco,undirected,3,5,94
Brienne-of-Tarth,Cersei-Lannister,undirected,3,5,94
Brienne-of-Tarth,Jaime-Lannister,undirected,3,5,94
Brus-Buckler,Malegorn,undirected,6,5,91
Brus-Buckler,Narbert-Grandison,undirected,4,5,93
Brus-Buckler,Selyse-Florent,undirected,5,5,92
Brynden-Rivers,Meera-Reed,undirected,3,5,94
Brynden-Tully,Jaime-Lannister,undirected,4,5,93
Bump,Varamyr,undirected,5,5,92
Caggo,Gerris-Drinkwater,undirected,3,5,94
Caggo,Lucifer-Long,undirected,3,5,94
Caggo,Meris,undirected,7,5,90
Caggo,Quentyn-Martell,undirected,7,5,90
Caggo,Tattered-Prince,undirected,4,5,93
Caleotte,Doran-Martell,undirected,3,5,94
Caleotte,Gregor-Clegane,undirected,4,5,93
Camarron,Spotted-Cat,undirected,3,5,94
Catelyn-Stark,Eddard-Stark,undirected,5,5,92
Cellador,Clydas,undirected,3,5,94
Cellador,Jon-Snow,undirected,3,5,94
Cellador,Othell-Yarwyck,undirected,8,5,89
Cersei-Lannister,Daenerys-Targaryen,undirected,3,5,94
Cersei-Lannister,Doran-Martell,undirected,3,5,94
Cersei-Lannister,Dunsen,undirected,3,5,94
Cersei-Lannister,Gregor-Clegane,undirected,4,5,93
Cersei-Lannister,High-Sparrow,undirected,11,5,86
Cersei-Lannister,Ilyn-Payne,undirected,4,5,93
Cersei-Lannister,Jaime-Lannister,undirected,13,5,84
Cersei-Lannister,Joffrey-Baratheon,undirected,3,5,94
Cersei-Lannister,Kevan-Lannister,undirected,10,5,87
Cersei-Lannister,Lancel-Lannister,undirected,6,5,91
Cersei-Lannister,Mace-Tyrell,undirected,3,5,94
Cersei-Lannister,Margaery-Tyrell,undirected,6,5,91
Cersei-Lannister,Meryn-Trant,undirected,3,5,94
Cersei-Lannister,Moelle,undirected,4,5,93
Cersei-Lannister,Myrcella-Baratheon,undirected,4,5,93
Cersei-Lannister,Osney-Kettleblack,undirected,3,5,94
Cersei-Lannister,Qyburn,undirected,3,5,94
Cersei-Lannister,Rafford,undirected,3,5,94
Cersei-Lannister,Rhaegar-Targaryen,undirected,3,5,94
Cersei-Lannister,Robert-Baratheon,undirected,7,5,90
Cersei-Lannister,Robert-Strong,undirected,4,5,93
Cersei-Lannister,Scolera,undirected,5,5,92
Cersei-Lannister,Stannis-Baratheon,undirected,5,5,92
Cersei-Lannister,Tommen-Baratheon,undirected,13,5,84
Cersei-Lannister,Tyrion-Lannister,undirected,5,5,92
Cersei-Lannister,Tywin-Lannister,undirected,3,5,94
Cersei-Lannister,Unella,undirected,10,5,87
Clayton-Suggs,Godry-Farring,undirected,5,5,92
Clayton-Suggs,Stannis-Baratheon,undirected,6,5,91
Cleon,Daenerys-Targaryen,undirected,9,5,88
Cleon,Quentyn-Martell,undirected,3,5,94
Cletus-Yronwood,Daenerys-Targaryen,undirected,3,5,94
Cletus-Yronwood,Gerris-Drinkwater,undirected,5,5,92
Cletus-Yronwood,Kedry,undirected,3,5,94
Cletus-Yronwood,Quentyn-Martell,undirected,7,5,90
Clydas,Jon-Snow,undirected,20,5,77
Clydas,Mully,undirected,4,5,93
Clydas,Stannis-Baratheon,undirected,3,5,94
Coldhands,Hodor,undirected,4,5,93
Coldhands,Meera-Reed,undirected,3,5,94
Corliss-Penny,Stannis-Baratheon,undirected,3,5,94
Cotter-Pyke,Denys-Mallister,undirected,4,5,93
Cotter-Pyke,Jon-Snow,undirected,11,5,86
Cotter-Pyke,Selyse-Florent,undirected,3,5,94
Cromm,Grimtongue,undirected,4,5,93
Cromm,Hagen,undirected,4,5,93
Daario-Naharis,Daenerys-Targaryen,undirected,50,5,47
Daario-Naharis,Grey-Worm,undirected,6,5,91
Daario-Naharis,Groleo,undirected,4,5,93
Daario-Naharis,Hero,undirected,7,5,90
Daario-Naharis,Hizdahr-zo-Loraq,undirected,14,5,83
Daario-Naharis,Irri,undirected,7,5,90
Daario-Naharis,Jhiqui,undirected,5,5,92
Daario-Naharis,Jhogo,undirected,9,5,88
Daario-Naharis,Missandei,undirected,4,5,93
Daario-Naharis,Quentyn-Martell,undirected,5,5,92
Daario-Naharis,Rakharo,undirected,4,5,93
Daario-Naharis,Skahaz-mo-Kandaq,undirected,9,5,88
Daenerys-Targaryen,Daeron-II-Targaryen,undirected,3,5,94
Daenerys-Targaryen,Doran-Martell,undirected,3,5,94
Daenerys-Targaryen,Drogo,undirected,7,5,90
Daenerys-Targaryen,Eroeh,undirected,3,5,94
Daenerys-Targaryen,Ezzara,undirected,3,5,94
Daenerys-Targaryen,Galazza-Galare,undirected,19,5,78
Daenerys-Targaryen,Gerris-Drinkwater,undirected,15,5,82
Daenerys-Targaryen,Ghael,undirected,5,5,92
Daenerys-Targaryen,Grey-Worm,undirected,11,5,86
Daenerys-Targaryen,Groleo,undirected,4,5,93
Daenerys-Targaryen,Hero,undirected,5,5,92
Daenerys-Targaryen,Hizdahr-zo-Loraq,undirected,96,5,1
Daenerys-Targaryen,Illyrio-Mopatis,undirected,12,5,85
Daenerys-Targaryen,Irri,undirected,25,5,72
Daenerys-Targaryen,Jhiqui,undirected,15,5,82
Daenerys-Targaryen,Jhogo,undirected,6,5,91
Daenerys-Targaryen,Jon-Connington,undirected,6,5,91
Daenerys-Targaryen,Jorah-Mormont,undirected,4,5,93
Daenerys-Targaryen,Lysono-Maar,undirected,3,5,94
Daenerys-Targaryen,Mace-Tyrell,undirected,3,5,94
Daenerys-Targaryen,Marselen,undirected,3,5,94
Daenerys-Targaryen,Meris,undirected,6,5,91
Daenerys-Targaryen,Mezzara,undirected,4,5,93
Daenerys-Targaryen,Miklaz,undirected,3,5,94
Daenerys-Targaryen,Missandei,undirected,37,5,60
Daenerys-Targaryen,Moqorro,undirected,3,5,94
Daenerys-Targaryen,Penny,undirected,4,5,93
Daenerys-Targaryen,Qavo-Nogarys,undirected,5,5,92
Daenerys-Targaryen,Qezza,undirected,6,5,91
Daenerys-Targaryen,Quaithe,undirected,6,5,91
Daenerys-Targaryen,Quentyn-Martell,undirected,58,5,39
Daenerys-Targaryen,Rakharo,undirected,7,5,90
Daenerys-Targaryen,Reznak-mo-Reznak,undirected,19,5,78
Daenerys-Targaryen,Rhaegar-Targaryen,undirected,10,5,87
Daenerys-Targaryen,Robert-Baratheon,undirected,3,5,94
Daenerys-Targaryen,Skahaz-mo-Kandaq,undirected,33,5,64
Daenerys-Targaryen,Spotted-Cat,undirected,3,5,94
Daenerys-Targaryen,Symon-Stripeback,undirected,4,5,93
Daenerys-Targaryen,Tattered-Prince,undirected,4,5,93
Daenerys-Targaryen,Tyrion-Lannister,undirected,17,5,80
Daenerys-Targaryen,Varys,undirected,3,5,94
Daenerys-Targaryen,Victarion-Greyjoy,undirected,7,5,90
Daenerys-Targaryen,Viserys-Targaryen,undirected,7,5,90
Daenerys-Targaryen,Xaro-Xhoan-Daxos,undirected,16,5,81
Daenerys-Targaryen,Yurkhaz-zo-Yunzak,undirected,4,5,93
Dalla,Gilly,undirected,4,5,93
Dalla,Mance-Rayder,undirected,5,5,92
Dalla,Melisandre,undirected,3,5,94
Dalla,Stannis-Baratheon,undirected,5,5,92
Dalla,Val,undirected,5,5,92
Damon-Dance-for-Me,Grunt,undirected,3,5,94
Damon-Dance-for-Me,Ramsay-Snow,undirected,7,5,90
Damon-Dance-for-Me,Skinner,undirected,7,5,90
Damon-Dance-for-Me,Sour-Alyn,undirected,4,5,93
Damon-Dance-for-Me,Theon-Greyjoy,undirected,5,5,92
Davos-Seaworth,Eddard-Stark,undirected,4,5,93
Davos-Seaworth,Garth-(Wolfs-Den),undirected,4,5,93
Davos-Seaworth,Godric-Borrell,undirected,9,5,88
Davos-Seaworth,Leona-Woolfield,undirected,3,5,94
Davos-Seaworth,Marlon-Manderly,undirected,5,5,92
Davos-Seaworth,Melisandre,undirected,4,5,93
Davos-Seaworth,Robb-Stark,undirected,3,5,94
Davos-Seaworth,Robett-Glover,undirected,4,5,93
Davos-Seaworth,Salladhor-Saan,undirected,11,5,86
Davos-Seaworth,Stannis-Baratheon,undirected,21,5,76
Davos-Seaworth,Sybell-Spicer,undirected,3,5,94
Davos-Seaworth,Wyman-Manderly,undirected,32,5,65
Denys-Mallister,Jon-Snow,undirected,4,5,93
Denzo-Dhan,Meris,undirected,3,5,94
Devan-Seaworth,Jon-Snow,undirected,5,5,92
Devan-Seaworth,Melisandre,undirected,4,5,93
Devan-Seaworth,Stannis-Baratheon,undirected,14,5,83
Dick-Straw,Hugh-Hungerford,undirected,3,5,94
Dick-Straw,Tattered-Prince,undirected,4,5,93
Donal-Noye,Jon-Snow,undirected,7,5,90
Donal-Noye,Qhorin-Halfhand,undirected,3,5,94
Doran-Martell,Ellaria-Sand,undirected,3,5,94
Doran-Martell,Gregor-Clegane,undirected,4,5,93
Doran-Martell,Myrcella-Baratheon,undirected,5,5,92
Doran-Martell,Nymeria-Sand,undirected,3,5,94
Doran-Martell,Obara-Sand,undirected,4,5,93
Doran-Martell,Oberyn-Martell,undirected,5,5,92
Doran-Martell,Quentyn-Martell,undirected,4,5,93
Doran-Martell,Robert-Baratheon,undirected,3,5,94
Doran-Martell,Viserys-Targaryen,undirected,3,5,94
Draqaz,Miklaz,undirected,3,5,94
Drogo,Viserys-Targaryen,undirected,4,5,93
Dryn,Tormund,undirected,3,5,94
Dunsen,Gregor-Clegane,undirected,3,5,94
Dunsen,Ilyn-Payne,undirected,3,5,94
Dunsen,Meryn-Trant,undirected,3,5,94
Dunsen,Rafford,undirected,3,5,94
Eddard-Stark,Jon-Snow,undirected,10,5,87
Eddard-Stark,Ramsay-Snow,undirected,4,5,93
Eddard-Stark,Robb-Stark,undirected,6,5,91
Eddard-Stark,Robert-Baratheon,undirected,7,5,90
Eddard-Stark,Roose-Bolton,undirected,5,5,92
Eddard-Stark,Sansa-Stark,undirected,3,5,94
Eddard-Stark,Stannis-Baratheon,undirected,6,5,91
Eddard-Stark,Theon-Greyjoy,undirected,9,5,88
Eddard-Stark,Willam-Dustin,undirected,4,5,93
Eddard-Stark,Wyman-Manderly,undirected,4,5,93
Eddison-Tollett,Emmett,undirected,8,5,89
Eddison-Tollett,Gilly,undirected,3,5,94
Eddison-Tollett,Hobb,undirected,4,5,93
Eddison-Tollett,Janos-Slynt,undirected,4,5,93
Eddison-Tollett,Jon-Snow,undirected,25,5,72
Eddison-Tollett,Mully,undirected,3,5,94
Eddison-Tollett,Satin,undirected,3,5,94
Elia-Martell,Rhaegar-Targaryen,undirected,6,5,91
Emmett,Hareth-(Moles-Town),undirected,3,5,94
Emmett,Hop-Robin,undirected,4,5,93
Emmett,Janos-Slynt,undirected,4,5,93
Emmett,Jon-Snow,undirected,15,5,82
Emrick,Hareth-(Moles-Town),undirected,3,5,94
Emrick,Satin,undirected,3,5,94
Euron-Greyjoy,Victarion-Greyjoy,undirected,7,5,90
Franklyn-Flowers,Jon-Connington,undirected,4,5,93
Frenya,Holly,undirected,6,5,91
Frenya,Theon-Greyjoy,undirected,3,5,94
Fulk,Jon-Snow,undirected,4,5,93
Fulk,Mully,undirected,5,5,92
Galazza-Galare,Grazhar,undirected,4,5,93
Galazza-Galare,Hizdahr-zo-Loraq,undirected,12,5,85
Galazza-Galare,Reznak-mo-Reznak,undirected,5,5,92
Galazza-Galare,Skahaz-mo-Kandaq,undirected,12,5,85
Garth-(Wolfs-Den),Sybell-Spicer,undirected,3,5,94
Garth-Greyfeather,Hairy-Hal,undirected,4,5,93
Garth-Greyfeather,Jack-Bulwer,undirected,4,5,93
Garth-Greyfeather,Jon-Snow,undirected,3,5,94
Gerold-Dayne,Myrcella-Baratheon,undirected,3,5,94
Gerrick-Kingsblood,Jon-Snow,undirected,5,5,92
Gerrick-Kingsblood,Raymun-Redbeard,undirected,3,5,94
Gerris-Drinkwater,Hizdahr-zo-Loraq,undirected,4,5,93
Gerris-Drinkwater,Meris,undirected,4,5,93
Gerris-Drinkwater,Quentyn-Martell,undirected,49,5,48
Gerris-Drinkwater,Tattered-Prince,undirected,3,5,94
Gilly,Jon-Snow,undirected,10,5,87
Gilly,Mance-Rayder,undirected,3,5,94
Gilly,Melisandre,undirected,4,5,93
Gilly,Samwell-Tarly,undirected,8,5,89
Godry-Farring,Jon-Snow,undirected,3,5,94
Godry-Farring,Justin-Massey,undirected,3,5,94
Godry-Farring,Mance-Rayder,undirected,3,5,94
Godry-Farring,Melisandre,undirected,3,5,94
Godry-Farring,Stannis-Baratheon,undirected,9,5,88
Goghor-the-Giant,Hizdahr-zo-Loraq,undirected,5,5,92
Goghor-the-Giant,Khrazz,undirected,4,5,93
Goghor-the-Giant,Spotted-Cat,undirected,6,5,91
Grazhar,Qezza,undirected,5,5,92
Gregor-Clegane,Ilyn-Payne,undirected,3,5,94
Gregor-Clegane,Meryn-Trant,undirected,3,5,94
Gregor-Clegane,Oberyn-Martell,undirected,3,5,94
Gregor-Clegane,Rafford,undirected,3,5,94
Grenn,Pypar,undirected,3,5,94
Grenn,Todder,undirected,3,5,94
Grey-Worm,Hizdahr-zo-Loraq,undirected,3,5,94
Grey-Worm,Irri,undirected,4,5,93
Grey-Worm,Skahaz-mo-Kandaq,undirected,6,5,91
Grimtongue,Hagen,undirected,5,5,92
Grimtongue,Lorren,undirected,5,5,92
Groleo,Hero,undirected,4,5,93
Groleo,Jhogo,undirected,5,5,92
Groleo,Skahaz-mo-Kandaq,undirected,3,5,94
Grunt,Sour-Alyn,undirected,7,5,90
Grunt,Theon-Greyjoy,undirected,3,5,94
Hagen,Lorren,undirected,3,5,94
Hagen,Qarl-the-Maid,undirected,3,5,94
Hagen,Tristifer-Botley,undirected,3,5,94
Haggon,Varamyr,undirected,8,5,89
Hairy-Hal,Jack-Bulwer,undirected,3,5,94
Hairy-Hal,Jon-Snow,undirected,4,5,93
Haldon,Illyrio-Mopatis,undirected,3,5,94
Haldon,Jon-Connington,undirected,13,5,84
Haldon,Lemore,undirected,4,5,93
Haldon,Pono,undirected,3,5,94
Haldon,Qavo-Nogarys,undirected,5,5,92
Haldon,Rolly-Duckfield,undirected,26,5,71
Haldon,Tyrion-Lannister,undirected,54,5,43
Haldon,Yandry,undirected,4,5,93
Haldon,Ysilla,undirected,5,5,92
Hareth-(Moles-Town),Hop-Robin,undirected,5,5,92
Hareth-(Moles-Town),Jon-Snow,undirected,10,5,87
Hareth-(Moles-Town),Leathers,undirected,3,5,94
Hareth-(Moles-Town),Rory,undirected,4,5,93
Hareth-(Moles-Town),Satin,undirected,6,5,91
Harl,Lorren,undirected,3,5,94
Harry-Strickland,Jon-Connington,undirected,18,5,79
Harry-Strickland,Myles-Toyne,undirected,4,5,93
Harwood-Stout,Theon-Greyjoy,undirected,5,5,92
Harys-Swyft,Pycelle,undirected,4,5,93
Hero,Jhogo,undirected,8,5,89
High-Sparrow,Kevan-Lannister,undirected,5,5,92
High-Sparrow,Unella,undirected,6,5,91
Hizdahr-zo-Loraq,Irri,undirected,3,5,94
Hizdahr-zo-Loraq,Jhiqui,undirected,3,5,94
Hizdahr-zo-Loraq,Khrazz,undirected,9,5,88
Hizdahr-zo-Loraq,Marghaz-zo-Loraq,undirected,5,5,92
Hizdahr-zo-Loraq,Missandei,undirected,6,5,91
Hizdahr-zo-Loraq,Qezza,undirected,3,5,94
Hizdahr-zo-Loraq,Quentyn-Martell,undirected,15,5,82
Hizdahr-zo-Loraq,Reznak-mo-Reznak,undirected,13,5,84
Hizdahr-zo-Loraq,Skahaz-mo-Kandaq,undirected,29,5,68
Hizdahr-zo-Loraq,Spotted-Cat,undirected,5,5,92
Hizdahr-zo-Loraq,Steelskin,undirected,3,5,94
Hobb,Jon-Snow,undirected,4,5,93
Hobb,Melisandre,undirected,3,5,94
Hobb,Mully,undirected,3,5,94
Hobb,Owen,undirected,5,5,92
Hodor,Jojen-Reed,undirected,11,5,86
Hodor,Meera-Reed,undirected,21,5,76
Holly,Jeyne-Poole,undirected,4,5,93
Holly,Rowan,undirected,3,5,94
Holly,Theon-Greyjoy,undirected,10,5,87
Hop-Robin,Jon-Snow,undirected,4,5,93
Hosteen-Frey,Wyman-Manderly,undirected,5,5,92
Hoster-Blackwood,Jaime-Lannister,undirected,4,5,93
Hother-Umber,Jon-Umber-(Greatjon),undirected,3,5,94
Hother-Umber,Mors-Umber,undirected,3,5,94
Hother-Umber,Ramsay-Snow,undirected,5,5,92
Hother-Umber,Wyman-Manderly,undirected,5,5,92
Illyrio-Mopatis,Jon-Connington,undirected,6,5,91
Illyrio-Mopatis,Rolly-Duckfield,undirected,6,5,91
Illyrio-Mopatis,Tyrion-Lannister,undirected,30,5,67
Ilyn-Payne,Meryn-Trant,undirected,3,5,94
Ilyn-Payne,Rafford,undirected,3,5,94
Irri,Jhiqui,undirected,24,5,73
Irri,Missandei,undirected,9,5,88
Irri,Rakharo,undirected,5,5,92
Irri,Skahaz-mo-Kandaq,undirected,5,5,92
Jack-Bulwer,Jon-Snow,undirected,3,5,94
Jaime-Lannister,Jonos-Bracken,undirected,9,5,88
Jaime-Lannister,Josmyn-Peckledon,undirected,3,5,94
Jaime-Lannister,Kevan-Lannister,undirected,3,5,94
Jaime-Lannister,Robert-Baratheon,undirected,4,5,93
Jaime-Lannister,Tyrion-Lannister,undirected,4,5,93
Jaime-Lannister,Tytos-Blackwood,undirected,6,5,91
Janos-Slynt,Jon-Snow,undirected,16,5,81
Jared-Frey,Rhaegar-Frey,undirected,3,5,94
Jeor-Mormont,Jon-Snow,undirected,11,5,86
Jeor-Mormont,Qhorin-Halfhand,undirected,3,5,94
Jeyne-Poole,Ramsay-Snow,undirected,12,5,85
Jeyne-Poole,Roose-Bolton,undirected,3,5,94
Jeyne-Poole,Rowan,undirected,3,5,94
Jeyne-Poole,Squirrel,undirected,3,5,94
Jeyne-Poole,Theon-Greyjoy,undirected,24,5,73
Jhiqui,Missandei,undirected,10,5,87
Jhiqui,Rakharo,undirected,5,5,92
Jhiqui,Skahaz-mo-Kandaq,undirected,3,5,94
Jhogo,Rakharo,undirected,6,5,91
Joffrey-Baratheon,Tommen-Baratheon,undirected,3,5,94
Joffrey-Baratheon,Tyrion-Lannister,undirected,10,5,87
Jojen-Reed,Meera-Reed,undirected,21,5,76
Jon-Connington,Lemore,undirected,11,5,86
Jon-Connington,Myles-Toyne,undirected,9,5,88
Jon-Connington,Nyessos-Vhassar,undirected,3,5,94
Jon-Connington,Rhaegar-Targaryen,undirected,7,5,90
Jon-Connington,Robert-Baratheon,undirected,8,5,89
Jon-Connington,Rolly-Duckfield,undirected,12,5,85
Jon-Connington,Tyrion-Lannister,undirected,37,5,60
Jon-Connington,Tywin-Lannister,undirected,4,5,93
Jon-Connington,Varys,undirected,6,5,91
Jon-Connington,Yandry,undirected,9,5,88
Jon-Snow,Leathers,undirected,18,5,79
Jon-Snow,Malegorn,undirected,5,5,92
Jon-Snow,Mance-Rayder,undirected,25,5,72
Jon-Snow,Melisandre,undirected,48,5,49
Jon-Snow,Mully,undirected,14,5,83
Jon-Snow,Narbert-Grandison,undirected,3,5,94
Jon-Snow,Othell-Yarwyck,undirected,10,5,87
Jon-Snow,Owen,undirected,3,5,94
Jon-Snow,Patrek-of-Kings-Mountain,undirected,7,5,90
Jon-Snow,Pypar,undirected,5,5,92
Jon-Snow,Qhorin-Halfhand,undirected,3,5,94
Jon-Snow,Rattleshirt,undirected,23,5,74
Jon-Snow,Robb-Stark,undirected,10,5,87
Jon-Snow,Rory,undirected,6,5,91
Jon-Snow,Samwell-Tarly,undirected,14,5,83
Jon-Snow,Sansa-Stark,undirected,3,5,94
Jon-Snow,Satin,undirected,15,5,82
Jon-Snow,Selyse-Florent,undirected,38,5,59
Jon-Snow,Shireen-Baratheon,undirected,4,5,93
Jon-Snow,Sigorn,undirected,6,5,91
Jon-Snow,Soren-Shieldbreaker,undirected,3,5,94
Jon-Snow,Stannis-Baratheon,undirected,73,5,24
Jon-Snow,Tom-Barleycorn,undirected,4,5,93
Jon-Snow,Toregg,undirected,6,5,91
Jon-Snow,Tormund,undirected,50,5,47
Jon-Snow,Tycho-Nestoris,undirected,12,5,85
Jon-Snow,Ulmer,undirected,3,5,94
Jon-Snow,Val,undirected,37,5,60
Jon-Snow,Weeper,undirected,3,5,94
Jon-Snow,Wick-Whittlestick,undirected,5,5,92
Jon-Snow,Wun-Weg-Wun-Dar-Wun,undirected,11,5,86
Jon-Snow,Ygritte,undirected,14,5,83
Jorah-Mormont,Nurse,undirected,4,5,93
Jorah-Mormont,Penny,undirected,9,5,88
Jorah-Mormont,Tyrion-Lannister,undirected,27,5,70
Joramun,Mance-Rayder,undirected,3,5,94
Joramun,Melisandre,undirected,4,5,93
Justin-Massey,Richard-Horpe,undirected,7,5,90
Justin-Massey,Stannis-Baratheon,undirected,10,5,87
Kasporio,Tybero-Istarion,undirected,3,5,94
Kasporio,Tyrion-Lannister,undirected,3,5,94
Kedry,Quentyn-Martell,undirected,3,5,94
Kerwin,Victarion-Greyjoy,undirected,12,5,85
Kevan-Lannister,Mace-Tyrell,undirected,5,5,92
Kevan-Lannister,Pycelle,undirected,5,5,92
Kevan-Lannister,Randyll-Tarly,undirected,6,5,91
Kevan-Lannister,Ronnet-Connington,undirected,3,5,94
Kevan-Lannister,Tommen-Baratheon,undirected,11,5,86
Kevan-Lannister,Tywin-Lannister,undirected,3,5,94
Kevan-Lannister,Varys,undirected,3,5,94
Khrazz,Spotted-Cat,undirected,4,5,93
Khrazz,Steelskin,undirected,3,5,94
Kindly-Man,Waif,undirected,6,5,91
Leaf,Meera-Reed,undirected,6,5,91
Leathers,Toregg,undirected,4,5,93
Leathers,Tormund,undirected,3,5,94
Leathers,Wun-Weg-Wun-Dar-Wun,undirected,9,5,88
Lemore,Rolly-Duckfield,undirected,5,5,92
Lemore,Tyrion-Lannister,undirected,16,5,81
Lemore,Yandry,undirected,5,5,92
Lemore,Ysilla,undirected,3,5,94
Leona-Woolfield,Wyman-Manderly,undirected,4,5,93
Longwater-Pyke,Victarion-Greyjoy,undirected,3,5,94
Lorren,Sybelle-Glover,undirected,3,5,94
Luton,Skinner,undirected,3,5,94
Lyanna-Mormont,Stannis-Baratheon,undirected,3,5,94
Lyanna-Stark,Rhaegar-Targaryen,undirected,4,5,93
Mace-Tyrell,Pycelle,undirected,4,5,93
Mace-Tyrell,Randyll-Tarly,undirected,5,5,92
Mace-Tyrell,Robert-Strong,undirected,3,5,94
Maege-Mormont,Robb-Stark,undirected,4,5,93
Malaquo-Maegyr,Nyessos-Vhassar,undirected,7,5,90
Malegorn,Narbert-Grandison,undirected,3,5,94
Malegorn,Selyse-Florent,undirected,5,5,92
Mance-Rayder,Melisandre,undirected,6,5,91
Mance-Rayder,Ramsay-Snow,undirected,7,5,90
Mance-Rayder,Rowan,undirected,4,5,93
Mance-Rayder,Squirrel,undirected,5,5,92
Mance-Rayder,Stannis-Baratheon,undirected,16,5,81
Mance-Rayder,Theon-Greyjoy,undirected,9,5,88
Mance-Rayder,Tormund,undirected,12,5,85
Mance-Rayder,Val,undirected,6,5,91
Mance-Rayder,Varamyr,undirected,3,5,94
Marlon-Manderly,Stannis-Baratheon,undirected,3,5,94
Marselen,Symon-Stripeback,undirected,4,5,93
Marya-Seaworth,Stannis-Baratheon,undirected,3,5,94
Melisandre,Rattleshirt,undirected,6,5,91
Melisandre,Selyse-Florent,undirected,11,5,86
Melisandre,Sigorn,undirected,3,5,94
Melisandre,Stannis-Baratheon,undirected,32,5,65
Melisandre,Ygritte,undirected,3,5,94
Meris,Quentyn-Martell,undirected,14,5,83
Meris,Tattered-Prince,undirected,9,5,88
Meryn-Trant,Rafford,undirected,3,5,94
Mezzara,Qezza,undirected,3,5,94
Miklaz,Qezza,undirected,4,5,93
Missandei,Quentyn-Martell,undirected,3,5,94
Missandei,Skahaz-mo-Kandaq,undirected,6,5,91
Moelle,Scolera,undirected,10,5,87
Moelle,Unella,undirected,12,5,85
Moqorro,Rodrik-Sparr,undirected,4,5,93
Moqorro,Tyrion-Lannister,undirected,7,5,90
Moqorro,Victarion-Greyjoy,undirected,21,5,76
Morgo,Tyrion-Lannister,undirected,4,5,93
Mors-Umber,Stannis-Baratheon,undirected,7,5,90
Myrcella-Baratheon,Stannis-Baratheon,undirected,3,5,94
Myrcella-Baratheon,Tommen-Baratheon,undirected,8,5,89
Myrcella-Baratheon,Trystane-Martell,undirected,4,5,93
Myrcella-Baratheon,Tyrion-Lannister,undirected,5,5,92
Narbert-Grandison,Patrek-of-Kings-Mountain,undirected,3,5,94
Narbert-Grandison,Selyse-Florent,undirected,8,5,89
Nurse,Penny,undirected,4,5,93
Nurse,Tyrion-Lannister,undirected,8,5,89
Nurse,Yezzan-zo-Qaggaz,undirected,12,5,85
Nymeria-Sand,Obara-Sand,undirected,8,5,89
Nymeria-Sand,Tyene-Sand,undirected,7,5,90
Obara-Sand,Tyene-Sand,undirected,6,5,91
Old-Bill-Bone,Quentyn-Martell,undirected,3,5,94
Othell-Yarwyck,Weeper,undirected,4,5,93
Patchface,Selyse-Florent,undirected,3,5,94
Patchface,Shireen-Baratheon,undirected,3,5,94
Patrek-of-Kings-Mountain,Selyse-Florent,undirected,7,5,90
Patrek-of-Kings-Mountain,Wun-Weg-Wun-Dar-Wun,undirected,3,5,94
Penny,Sweets,undirected,4,5,93
Penny,Tyrion-Lannister,undirected,59,5,38
Penny,Yezzan-zo-Qaggaz,undirected,9,5,88
Petyr-Baelish,Varys,undirected,4,5,93
Pypar,Todder,undirected,4,5,93
Qarl-the-Maid,Tristifer-Botley,undirected,5,5,92
Qavo-Nogarys,Tyrion-Lannister,undirected,6,5,91
Quentyn-Martell,Tattered-Prince,undirected,14,5,83
Qyburn,Robert-Strong,undirected,4,5,93
Ralf-(Limper),Victarion-Greyjoy,undirected,3,5,94
Ramsay-Snow,Roose-Bolton,undirected,14,5,83
Ramsay-Snow,Skinner,undirected,5,5,92
Ramsay-Snow,Sour-Alyn,undirected,6,5,91
Ramsay-Snow,Stannis-Baratheon,undirected,8,5,89
Ramsay-Snow,Theon-Greyjoy,undirected,87,5,10
Ramsay-Snow,Walder-Frey-(son-of-Merrett),undirected,3,5,94
Ramsay-Snow,Wyman-Manderly,undirected,5,5,92
Ramsay-Snow,Yellow-Dick,undirected,7,5,90
Randyll-Tarly,Robert-Strong,undirected,3,5,94
Reznak-mo-Reznak,Skahaz-mo-Kandaq,undirected,5,5,92
Rhaegar-Frey,Wyman-Manderly,undirected,3,5,94
Rhaegar-Targaryen,Robert-Baratheon,undirected,7,5,90
Richard-Horpe,Stannis-Baratheon,undirected,3,5,94
Rickon-Stark,Robb-Stark,undirected,3,5,94
Rickon-Stark,Theon-Greyjoy,undirected,4,5,93
Robb-Stark,Rodrik-Cassel,undirected,3,5,94
Robb-Stark,Stannis-Baratheon,undirected,6,5,91
Robb-Stark,Theon-Greyjoy,undirected,7,5,90
Robb-Stark,Wyman-Manderly,undirected,3,5,94
Robert-Baratheon,Stannis-Baratheon,undirected,11,5,86
Robert-Baratheon,Tommen-Baratheon,undirected,4,5,93
Robert-Baratheon,Tywin-Lannister,undirected,3,5,94
Robert-Baratheon,Val,undirected,3,5,94
Robert-Baratheon,Viserys-Targaryen,undirected,3,5,94
Robert-Baratheon,Willam-Dustin,undirected,3,5,94
Robett-Glover,Stannis-Baratheon,undirected,4,5,93
Rodrik-Cassel,Theon-Greyjoy,undirected,3,5,94
Rodrik-Sparr,Victarion-Greyjoy,undirected,7,5,90
Roger-Ryswell,Theon-Greyjoy,undirected,4,5,93
Rolly-Duckfield,Tyrion-Lannister,undirected,20,5,77
Rolly-Duckfield,Yandry,undirected,12,5,85
Rolly-Duckfield,Ysilla,undirected,9,5,88
Roose-Bolton,Stannis-Baratheon,undirected,13,5,84
Roose-Bolton,Theon-Greyjoy,undirected,14,5,83
Roose-Bolton,Walda-Frey-(daughter-of-Merrett),undirected,4,5,93
Roose-Bolton,Wyman-Manderly,undirected,5,5,92
Roose-Ryswell,Stannis-Baratheon,undirected,3,5,94
Rowan,Squirrel,undirected,5,5,92
Rowan,Theon-Greyjoy,undirected,12,5,85
Salladhor-Saan,Stannis-Baratheon,undirected,8,5,89
Samwell-Tarly,Stannis-Baratheon,undirected,8,5,89
Satin,Selyse-Florent,undirected,4,5,93
Scar,Tyrion-Lannister,undirected,8,5,89
Scar,Yezzan-zo-Qaggaz,undirected,4,5,93
Scolera,Unella,undirected,12,5,85
Selyse-Florent,Shireen-Baratheon,undirected,8,5,89
Selyse-Florent,Stannis-Baratheon,undirected,14,5,83
Selyse-Florent,Val,undirected,15,5,82
Selyse-Florent,Wun-Weg-Wun-Dar-Wun,undirected,5,5,92
Shae,Tysha,undirected,4,5,93
Shireen-Baratheon,Stannis-Baratheon,undirected,4,5,93
Shireen-Baratheon,Val,undirected,4,5,93
Shrouded-Lord,Tyrion-Lannister,undirected,4,5,93
Sigorn,Stannis-Baratheon,undirected,3,5,94
Skinner,Sour-Alyn,undirected,6,5,91
Skinner,Theon-Greyjoy,undirected,4,5,93
Sour-Alyn,Theon-Greyjoy,undirected,8,5,89
Sour-Alyn,Yellow-Dick,undirected,3,5,94
Squirrel,Theon-Greyjoy,undirected,7,5,90
Stannis-Baratheon,Theomore,undirected,3,5,94
Stannis-Baratheon,Theon-Greyjoy,undirected,10,5,87
Stannis-Baratheon,Tommen-Baratheon,undirected,7,5,90
Stannis-Baratheon,Tycho-Nestoris,undirected,7,5,90
Stannis-Baratheon,Tyrion-Lannister,undirected,3,5,94
Stannis-Baratheon,Tywin-Lannister,undirected,3,5,94
Stannis-Baratheon,Val,undirected,15,5,82
Stannis-Baratheon,William-Foxglove,undirected,3,5,94
Stannis-Baratheon,Wyman-Manderly,undirected,19,5,78
Sweets,Tyrion-Lannister,undirected,7,5,90
Sweets,Yezzan-zo-Qaggaz,undirected,6,5,91
Sybell-Spicer,Wyman-Manderly,undirected,3,5,94
Theomore,Wyman-Manderly,undirected,3,5,94
Theon-Greyjoy,Walda-Frey-(daughter-of-Merrett),undirected,3,5,94
Theon-Greyjoy,Walder-Frey-(son-of-Jammos),undirected,6,5,91
Theon-Greyjoy,Walder-Frey-(son-of-Merrett),undirected,6,5,91
Theon-Greyjoy,Wex-Pyke,undirected,3,5,94
Theon-Greyjoy,Willow-Witch-eye,undirected,4,5,93
Theon-Greyjoy,Wyman-Manderly,undirected,3,5,94
Theon-Greyjoy,Yellow-Dick,undirected,5,5,92
Thistle,Varamyr,undirected,7,5,90
Toregg,Tormund,undirected,8,5,89
Tormund,Val,undirected,9,5,88
Tormund,Weeper,undirected,9,5,88
Tybero-Istarion,Tyrion-Lannister,undirected,8,5,89
Tyrion-Lannister,Tysha,undirected,4,5,93
Tyrion-Lannister,Tywin-Lannister,undirected,18,5,79
Tyrion-Lannister,Varys,undirected,7,5,90
Tyrion-Lannister,Yandry,undirected,15,5,82
Tyrion-Lannister,Yezzan-zo-Qaggaz,undirected,17,5,80
Tyrion-Lannister,Ysilla,undirected,11,5,86
Tywin-Lannister,Wylis-Manderly,undirected,3,5,94
Victarion-Greyjoy,Wulfe,undirected,3,5,94
Walder-Frey-(son-of-Jammos),Walder-Frey-(son-of-Merrett),undirected,10,5,87
Yandry,Ysilla,undirected,14,5,83